{"flag":"SBDoc","info":{"name":"大前端-PC端","description":" 测试 Mock 数据"},"global":{"baseurl":[],"before":"","after":"","article":[],"status":[],"template":[]},"data":[{"name":"#回收站","type":1,"id":"584e8db0-904f-11e9-9bbe-d90e23d5a9da","data":[{"param":[{"before":{"mode":0,"code":""},"after":{"mode":0,"code":""},"name":"参数","id":"7fa2b030-c019-4f1d-a491-3d31d33318cf","remark":"","header":[{"name":"Content-Type","value":"application/x-www-form-urlencoded","remark":""}],"queryParam":[],"bodyParam":[{"name":"username","type":0,"must":0,"remark":"","value":{"type":0,"data":[{"value":"brian@toimc.com","remark":""}],"status":""}},{"name":"name","type":0,"must":0,"remark":"","value":{"type":0,"data":[{"value":"brian","remark":""}],"status":""}},{"name":"password","type":0,"must":0,"remark":"","value":{"type":0,"data":[{"value":"123456","remark":""}],"status":""}},{"name":"code","type":0,"must":0,"remark":"","value":{"type":0,"data":[{"value":"1234","remark":""}],"status":""}},{"name":"sid","type":0,"must":0,"remark":"","value":{"type":0,"data":[{"value":"123lkfjdlsufio234","remark":""}],"status":""}}],"bodyInfo":{"type":0,"rawType":0,"rawTextRemark":"","rawFileRemark":"","rawText":""},"outParam":[{"name":"code","type":0,"remark":"","must":0,"mock":"500"},{"name":"msg","type":4,"remark":"","must":1,"mock":"","data":[{"name":"username","type":3,"remark":"","must":1,"mock":"","data":[{"name":null,"type":0,"remark":"","must":1,"mock":"此邮箱已经注册"}]},{"name":"name","type":3,"remark":"","must":1,"mock":"","data":[{"name":null,"type":0,"remark":"","must":1,"mock":"此昵称已经注册"}]},{"name":"code","type":3,"remark":"","must":1,"mock":"","data":[{"name":null,"type":0,"remark":"","must":1,"mock":"图片验证码过期或者输入错误"}]}]}],"outInfo":{"type":0,"rawRemark":"","rawMock":"","jsonType":0},"restParam":[],"example":[]}],"finish":1,"sort":0,"name":"注册接口","url":"/login/reg","remark":"用户注册","method":"POST","id":"c909de50-e90b-11e9-a6ee-ff334fe46a58"},{"param":[{"before":{"mode":0,"code":""},"after":{"mode":0,"code":""},"name":"参数","id":"a58e1ec0-1f01-4664-97a7-78ef3efb8c24","remark":"","header":[],"queryParam":[{"name":"role","must":0,"remark":"","value":{"type":0,"data":[{"value":"vip","remark":""}],"status":""}}],"outParam":[],"outInfo":{"type":0,"rawRemark":"","rawMock":"","jsonType":0},"restParam":[],"example":[]}],"finish":0,"sort":0,"name":"获取角色路由","url":"/getRoutes","remark":"","method":"GET","id":"4cdeefe0-2223-11ea-bb68-7f62c9900fb5"}]},{"name":"个人中心","type":0,"id":"5bd460f0-06af-11ea-bb68-7f62c9900fb5","data":[]},{"name":"其他","type":0,"id":"c2335950-06af-11ea-bb68-7f62c9900fb5","data":[{"param":[{"before":{"mode":0,"code":""},"after":{"mode":0,"code":""},"name":"参数","id":"4af91ec1-7695-487d-bcef-0e28b1834b6d","remark":"","header":[],"queryParam":[],"outParam":[{"name":"code","type":1,"remark":"","must":1,"mock":"200"},{"name":"data","type":3,"remark":"","must":1,"mock":"","data":[{"name":null,"type":4,"remark":"","must":1,"mock":"","data":[{"name":"isTop","type":0,"remark":"","must":1,"mock":"0"},{"name":"sort","type":0,"remark":"","must":1,"mock":"0"},{"name":"_id","type":0,"remark":"","must":1,"mock":"5ce039cc5eb2b028bb7a61d9"},{"name":"created","type":0,"remark":"","must":1,"mock":"2019-04-07T17:26:43.000Z"},{"name":"title","type":0,"remark":"","must":1,"mock":"百度"},{"name":"link","type":0,"remark":"","must":1,"mock":"http://www.baidu.com"},{"name":"type","type":0,"remark":"","must":1,"mock":"links"}]},{"name":null,"type":4,"remark":"","must":1,"mock":"","data":[{"name":"isTop","type":0,"remark":"","must":1,"mock":"0"},{"name":"sort","type":0,"remark":"","must":1,"mock":"0"},{"name":"_id","type":0,"remark":"","must":1,"mock":"5ce039e35eb2b028bb7a61f3"},{"name":"created","type":0,"remark":"","must":1,"mock":"2019-04-07T17:26:43.000Z"},{"name":"title","type":0,"remark":"","must":1,"mock":"网易"},{"name":"link","type":0,"remark":"","must":1,"mock":"http://www.163.com"},{"name":"type","type":0,"remark":"","must":1,"mock":"links"}]},{"name":null,"type":4,"remark":"","must":1,"mock":"","data":[{"name":"isTop","type":0,"remark":"","must":1,"mock":"0"},{"name":"sort","type":0,"remark":"","must":1,"mock":"0"},{"name":"_id","type":0,"remark":"","must":1,"mock":"5ce039ed5eb2b028bb7a61f7"},{"name":"created","type":0,"remark":"","must":1,"mock":"2019-04-07T17:26:43.000Z"},{"name":"title","type":0,"remark":"","must":1,"mock":"QQ"},{"name":"link","type":0,"remark":"","must":1,"mock":"http://www.qq.com"},{"name":"type","type":0,"remark":"","must":1,"mock":"links"}]},{"name":null,"type":4,"remark":"","must":1,"mock":"","data":[{"name":"isTop","type":0,"remark":"","must":1,"mock":"0"},{"name":"sort","type":0,"remark":"","must":1,"mock":"0"},{"name":"_id","type":0,"remark":"","must":1,"mock":"5ce039fa5eb2b028bb7a6203"},{"name":"created","type":0,"remark":"","must":1,"mock":"2019-04-07T17:26:43.000Z"},{"name":"title","type":0,"remark":"","must":1,"mock":"github"},{"name":"link","type":0,"remark":"","must":1,"mock":"https://www.github.com"},{"name":"type","type":0,"remark":"","must":1,"mock":"links"}]},{"name":null,"type":4,"remark":"","must":1,"mock":"","data":[{"name":"isTop","type":0,"remark":"","must":1,"mock":"1"},{"name":"sort","type":0,"remark":"","must":1,"mock":"0"},{"name":"_id","type":0,"remark":"","must":1,"mock":"5ce03a0a5eb2b028bb7a620a"},{"name":"created","type":0,"remark":"","must":1,"mock":"2019-04-07T17:26:43.000Z"},{"name":"title","type":0,"remark":"","must":1,"mock":"慕课网"},{"name":"link","type":0,"remark":"","must":1,"mock":"https://www.imooc.com"},{"name":"type","type":0,"remark":"","must":1,"mock":"links"}]}]}],"outInfo":{"type":0,"rawRemark":"","rawMock":"","jsonType":0},"restParam":[],"example":[]}],"finish":1,"sort":0,"name":"友情链接","url":"/public/links","remark":"","method":"GET","id":"e86b96f0-06af-11ea-bb68-7f62c9900fb5"},{"param":[{"before":{"mode":0,"code":""},"after":{"mode":0,"code":""},"name":"参数","id":"029895e0-e480-46bf-a8fa-899cfdad61d8","remark":"","header":[],"queryParam":[],"outParam":[{"name":"code","type":1,"remark":"","must":1,"mock":"200"},{"name":"data","type":3,"remark":"","must":1,"mock":"","data":[{"name":null,"type":4,"remark":"","must":1,"mock":"","data":[{"name":"isTop","type":0,"remark":"","must":1,"mock":"0"},{"name":"sort","type":0,"remark":"","must":1,"mock":"0"},{"name":"_id","type":0,"remark":"","must":1,"mock":"5ceba2303215ddb5f0dec0e5"},{"name":"created","type":0,"remark":"","must":1,"mock":"2019-04-07T17:26:43.000Z"},{"name":"title","type":0,"remark":"","must":1,"mock":"gitlab"},{"name":"link","type":0,"remark":"","must":1,"mock":"https://git.toimc.com"},{"name":"type","type":0,"remark":"","must":1,"mock":"tips"}]},{"name":null,"type":4,"remark":"","must":1,"mock":"","data":[{"name":"isTop","type":0,"remark":"","must":1,"mock":"0"},{"name":"sort","type":0,"remark":"","must":1,"mock":"0"},{"name":"_id","type":0,"remark":"","must":1,"mock":"5ceba2443215ddb5f0dec0f0"},{"name":"created","type":0,"remark":"","must":1,"mock":"2019-04-07T17:26:43.000Z"},{"name":"title","type":0,"remark":"","must":1,"mock":"Jenkins"},{"name":"link","type":0,"remark":"","must":1,"mock":"https://jenkins.toimc.com"},{"name":"type","type":0,"remark":"","must":1,"mock":"tips"}]},{"name":null,"type":4,"remark":"","must":1,"mock":"","data":[{"name":"isTop","type":0,"remark":"","must":1,"mock":"0"},{"name":"sort","type":0,"remark":"","must":1,"mock":"0"},{"name":"_id","type":0,"remark":"","must":1,"mock":"5ceba24f3215ddb5f0dec0f6"},{"name":"created","type":0,"remark":"","must":1,"mock":"2019-04-07T17:26:43.000Z"},{"name":"title","type":0,"remark":"","must":1,"mock":"showdoc"},{"name":"link","type":0,"remark":"","must":1,"mock":"https://doc.toimc.com"},{"name":"type","type":0,"remark":"","must":1,"mock":"tips"}]},{"name":null,"type":4,"remark":"","must":1,"mock":"","data":[{"name":"isTop","type":0,"remark":"","must":1,"mock":"0"},{"name":"sort","type":0,"remark":"","must":1,"mock":"0"},{"name":"_id","type":0,"remark":"","must":1,"mock":"5ceba25e3215ddb5f0dec110"},{"name":"created","type":0,"remark":"","must":1,"mock":"2019-04-07T17:26:43.000Z"},{"name":"title","type":0,"remark":"","must":1,"mock":"harbor"},{"name":"link","type":0,"remark":"","must":1,"mock":"https://hub.toimc.com"},{"name":"type","type":0,"remark":"","must":1,"mock":"tips"}]},{"name":null,"type":4,"remark":"","must":1,"mock":"","data":[{"name":"isTop","type":0,"remark":"","must":1,"mock":"0"},{"name":"sort","type":0,"remark":"","must":1,"mock":"0"},{"name":"_id","type":0,"remark":"","must":1,"mock":"5ceba4cd3215ddb5f0dec28b"},{"name":"created","type":0,"remark":"","must":1,"mock":"2019-04-07T17:26:43.000Z"},{"name":"title","type":0,"remark":"","must":1,"mock":"博客"},{"name":"link","type":0,"remark":"","must":1,"mock":"https://www.toimc.com"},{"name":"type","type":0,"remark":"","must":1,"mock":"tips"}]},{"name":null,"type":4,"remark":"","must":1,"mock":"","data":[{"name":"isTop","type":0,"remark":"","must":1,"mock":"0"},{"name":"sort","type":0,"remark":"","must":1,"mock":"0"},{"name":"_id","type":0,"remark":"","must":1,"mock":"5ceba5253215ddb5f0dec2c5"},{"name":"created","type":0,"remark":"","must":1,"mock":"2019-04-07T17:26:43.000Z"},{"name":"title","type":0,"remark":"","must":1,"mock":"github"},{"name":"link","type":0,"remark":"","must":1,"mock":"https://github.com/toimc "},{"name":"type","type":0,"remark":"","must":1,"mock":"tips"}]}]}],"outInfo":{"type":0,"rawRemark":"","rawMock":"","jsonType":0},"restParam":[],"example":[]}],"finish":1,"sort":0,"name":"温馨提醒","url":"/public/tips","remark":"","method":"GET","id":"02cf6b20-06b0-11ea-bb68-7f62c9900fb5"}]},{"name":"内容模块","type":0,"id":"bac41ec0-06af-11ea-bb68-7f62c9900fb5","data":[{"param":[{"before":{"mode":0,"code":""},"after":{"mode":0,"code":""},"name":"参数","id":"ab7636cc-fd07-46ce-9beb-d66591c0eae8","remark":"","header":[{"name":"Content-Type","value":"multipart/form-data","remark":""}],"queryParam":[],"bodyParam":[{"name":"file","type":1,"must":0,"remark":""}],"bodyInfo":{"type":0,"rawType":0,"rawTextRemark":"","rawFileRemark":"","rawText":""},"outParam":[{"name":"code","type":1,"remark":"","must":1,"mock":"200"},{"name":"msg","type":0,"remark":"","must":1,"mock":"图片上传成功"},{"name":"data","type":0,"remark":"","must":1,"mock":"/20200104/d1f864ad-8b9c-450a-8050-3e9a38018d76.jpg"}],"outInfo":{"type":0,"rawRemark":"","rawMock":"","jsonType":0},"restParam":[],"example":[]}],"finish":1,"sort":0,"name":"上传图片","url":"/content/upload","remark":"","method":"POST","id":"5e313170-2ed7-11ea-aef0-e10fe64a897f"},{"param":[{"before":{"mode":0,"code":""},"after":{"mode":0,"code":""},"name":"参数","id":"910e5562-9df6-4472-a728-bf6018167222","remark":"","header":[],"queryParam":[{"name":"tid","must":0,"remark":"1111111"}],"outParam":[{"name":"msg","type":4,"remark":"","must":1,"mock":"","data":[{"name":"n","type":1,"remark":"","must":1,"mock":"1"},{"name":"nModified","type":1,"remark":"","must":1,"mock":"1"},{"name":"ok","type":1,"remark":"","must":1,"mock":"1"}]},{"name":"code","type":1,"remark":"","must":1,"mock":"200"},{"name":"data","type":4,"remark":"","must":1,"mock":"","data":[{"name":"isEnd","type":0,"remark":"","must":1,"mock":"0"},{"name":"reads","type":1,"remark":"","must":1,"mock":"64"},{"name":"answer","type":1,"remark":"","must":1,"mock":"42"},{"name":"status","type":1,"remark":"","must":1,"mock":"0"},{"name":"isTop","type":0,"remark":"","must":1,"mock":"1"},{"name":"sort","type":0,"remark":"","must":1,"mock":"0"},{"name":"isHidden","type":2,"remark":"","must":1,"mock":"false"},{"name":"_id","type":0,"remark":"","must":1,"mock":"5dade7ad29d8db3c02b7917d"},{"name":"catalog","type":0,"remark":"","must":1,"mock":"ask"},{"name":"title","type":0,"remark":"","must":1,"mock":"大前端必须要掌握UI技巧吗？"},{"name":"content","type":0,"remark":"","must":1,"mock":"大前端必须要掌握UI技巧吗？"},{"name":"fav","type":0,"remark":"","must":1,"mock":"20"},{"name":"uid","type":4,"remark":"","must":1,"mock":"","data":[{"name":"name","type":0,"remark":"","must":1,"mock":"kitty"},{"name":"isVip","type":0,"remark":"","must":1,"mock":"0"},{"name":"pic","type":0,"remark":"","must":1,"mock":"http://www.toimc.com:12000/20191020/ef232c63-eaee-457a-8e71-854561c9a094.jpeg"},{"name":"_id","type":0,"remark":"","must":1,"mock":"5dac243600859a28f970b8bd"}]},{"name":"created","type":0,"remark":"","must":1,"mock":"2019-10-21T09:15:25.000Z"},{"name":"tags","type":3,"remark":"","must":1,"mock":"","data":[{"name":null,"type":4,"remark":"","must":1,"mock":"","data":[{"name":"name","type":0,"remark":"","must":1,"mock":"热门"},{"name":"class","type":0,"remark":"","must":1,"mock":"layui-bg-blue"}]}]},{"name":"isFav","type":2,"remark":"","must":1,"mock":"false"}]}],"outInfo":{"type":0,"rawRemark":"","rawMock":"","jsonType":0},"restParam":[],"example":[]}],"finish":1,"sort":0,"name":"文章详情","url":"/public/content/detail","remark":"","method":"GET","id":"4fdc4d70-3513-11ea-aef0-e10fe64a897f"},{"param":[{"before":{"mode":0,"code":""},"after":{"mode":0,"code":""},"name":"参数","id":"e4416560-8260-41af-8f29-c825fd7ddcca","remark":"","header":[],"queryParam":[{"name":"catalog","must":1,"remark":"","value":{"type":0,"status":"","data":[]}},{"name":"isTop","must":1,"remark":"","value":{"type":0,"status":"","data":[]}},{"name":"sort","must":1,"remark":"","value":{"type":0,"status":"","data":[{"value":"created","remark":""}]}},{"name":"page","must":1,"remark":"","value":{"type":0,"status":"","data":[{"value":"0","remark":""}]}},{"name":"limit","must":1,"remark":"","value":{"type":0,"status":"","data":[{"value":"20","remark":""}]}},{"name":"status","must":1,"remark":"","value":{"type":0,"status":"","data":[]}},{"name":"tags","must":1,"remark":"","value":{"type":0,"status":"","data":[]}}],"outParam":[{"name":"msg","type":0,"remark":"","must":1,"mock":""},{"name":"code","type":1,"remark":"","must":1,"mock":"200"},{"name":"data","type":3,"remark":"","must":1,"mock":"","data":[{"name":null,"type":4,"remark":"","must":1,"mock":"","data":[{"name":"isEnd","type":0,"remark":"","must":1,"mock":"0"},{"name":"reads","type":1,"remark":"","must":1,"mock":"7"},{"name":"answer","type":1,"remark":"","must":1,"mock":"3"},{"name":"status","type":1,"remark":"","must":1,"mock":"0"},{"name":"isTop","type":0,"remark":"","must":1,"mock":"0"},{"name":"sort","type":0,"remark":"","must":1,"mock":"0"},{"name":"_id","type":0,"remark":"","must":1,"mock":"5dca7446ba723835b12f4c83"},{"name":"title","type":0,"remark":"","must":1,"mock":"test2"},{"name":"catalog","type":0,"remark":"","must":1,"mock":"ask"},{"name":"content","type":0,"remark":"","must":1,"mock":""},{"name":"tags","type":3,"remark":"","must":1,"mock":"","data":[]},{"name":"uid","type":4,"remark":"","must":1,"mock":"","data":[{"name":"name","type":0,"remark":"","must":1,"mock":""},{"name":"isVip","type":0,"remark":"","must":1,"mock":"0"},{"name":"pic","type":0,"remark":"","must":1,"mock":"https://wx.qlogo.cn/mmopen/vi_32/Q0j4TwGTfTK950zqWZura0LkfyMD6EN7xGKicWN8f7icItUkOMQ1hnQe124fWDnn6CmtaBTANGia7mRsut82Bz7cQ/132"},{"name":"_id","type":0,"remark":"","must":1,"mock":"5dc188b467435317a8247b09"},{"name":"id","type":0,"remark":"","must":1,"mock":"5dc188b467435317a8247b09"}]},{"name":"created","type":0,"remark":"","must":1,"mock":"2019-11-12 08:58:46"},{"name":"__v","type":1,"remark":"","must":1,"mock":"0"},{"name":"id","type":0,"remark":"","must":1,"mock":"5dca7446ba723835b12f4c83"}]},{"name":null,"type":4,"remark":"","must":1,"mock":"","data":[{"name":"isEnd","type":0,"remark":"","must":1,"mock":"0"},{"name":"reads","type":1,"remark":"","must":1,"mock":"64"},{"name":"answer","type":1,"remark":"","must":1,"mock":"63"},{"name":"status","type":1,"remark":"","must":1,"mock":"0"},{"name":"isTop","type":0,"remark":"","must":1,"mock":"0"},{"name":"sort","type":0,"remark":"","must":1,"mock":"0"},{"name":"_id","type":0,"remark":"","must":1,"mock":"5dc90ab649c1ace2451976ee"},{"name":"title","type":0,"remark":"","must":1,"mock":"test"},{"name":"catalog","type":0,"remark":"","must":1,"mock":"ask"},{"name":"content","type":0,"remark":"","must":1,"mock":"123 img[http://localhost:3000/20191111/9e044632-de"},{"name":"tags","type":3,"remark":"","must":1,"mock":"","data":[]},{"name":"uid","type":4,"remark":"","must":1,"mock":"","data":[{"name":"name","type":0,"remark":"","must":1,"mock":""},{"name":"isVip","type":0,"remark":"","must":1,"mock":"0"},{"name":"pic","type":0,"remark":"","must":1,"mock":"https://wx.qlogo.cn/mmopen/vi_32/Q0j4TwGTfTK950zqWZura0LkfyMD6EN7xGKicWN8f7icItUkOMQ1hnQe124fWDnn6CmtaBTANGia7mRsut82Bz7cQ/132"},{"name":"_id","type":0,"remark":"","must":1,"mock":"5dc188b467435317a8247b09"},{"name":"id","type":0,"remark":"","must":1,"mock":"5dc188b467435317a8247b09"}]},{"name":"snapshot","type":0,"remark":"","must":1,"mock":"http://localhost:3000/20191111/9e044632-de36-4385-afb0-ca3711b6ac12.jpg"},{"name":"created","type":0,"remark":"","must":1,"mock":"2019-11-11 07:16:06"},{"name":"__v","type":1,"remark":"","must":1,"mock":"0"},{"name":"id","type":0,"remark":"","must":1,"mock":"5dc90ab649c1ace2451976ee"}]},{"name":null,"type":4,"remark":"","must":1,"mock":"","data":[{"name":"isEnd","type":0,"remark":"","must":1,"mock":"0"},{"name":"reads","type":1,"remark":"","must":1,"mock":"23"},{"name":"answer","type":1,"remark":"","must":1,"mock":"33"},{"name":"status","type":1,"remark":"","must":1,"mock":"0"},{"name":"isTop","type":0,"remark":"","must":1,"mock":"0"},{"name":"sort","type":0,"remark":"","must":1,"mock":"0"},{"name":"_id","type":0,"remark":"","must":1,"mock":"5dc825ec5c0c03b6739e446f"},{"name":"uid","type":4,"remark":"","must":1,"mock":"","data":[{"name":"name","type":0,"remark":"","must":1,"mock":"自定义旋律"},{"name":"isVip","type":0,"remark":"","must":1,"mock":"0"},{"name":"pic","type":0,"remark":"","must":1,"mock":"http://www.toimc.com:12000/20191020/5102fbb0-6bcc-4a9d-8a20-b983bfd41217.jpeg"},{"name":"_id","type":0,"remark":"","must":1,"mock":"5dbe861a27acc34665ac9205"},{"name":"id","type":0,"remark":"","must":1,"mock":"5dbe861a27acc34665ac9205"}]},{"name":"tags","type":3,"remark":"","must":1,"mock":"","data":[]},{"name":"fav","type":0,"remark":"","must":1,"mock":"20"},{"name":"title","type":0,"remark":"","must":1,"mock":"中联部在广州举办万寿讲堂宣介十九届四中全会精神"},{"name":"created","type":0,"remark":"","must":1,"mock":"2019-11-10 22:59:51"},{"name":"catalog","type":0,"remark":"","must":1,"mock":"ask"},{"name":"content","type":0,"remark":"","must":1,"mock":"<p style=\"text-indent: 2em;\"> 新华社广州11月10日电（记者徐弘毅）为"},{"name":"__v","type":1,"remark":"","must":1,"mock":"0"},{"name":"id","type":0,"remark":"","must":1,"mock":"5dc825ec5c0c03b6739e446f"}]},{"name":null,"type":4,"remark":"","must":1,"mock":"","data":[{"name":"isEnd","type":0,"remark":"","must":1,"mock":"0"},{"name":"reads","type":1,"remark":"","must":1,"mock":"8"},{"name":"answer","type":1,"remark":"","must":1,"mock":"5"},{"name":"status","type":1,"remark":"","must":1,"mock":"0"},{"name":"isTop","type":0,"remark":"","must":1,"mock":"0"},{"name":"sort","type":0,"remark":"","must":1,"mock":"0"},{"name":"_id","type":0,"remark":"","must":1,"mock":"5dc825ec5c0c03b6739e4470"},{"name":"uid","type":4,"remark":"","must":1,"mock":"","data":[{"name":"name","type":0,"remark":"","must":1,"mock":"做自己的英雄"},{"name":"isVip","type":0,"remark":"","must":1,"mock":"0"},{"name":"pic","type":0,"remark":"","must":1,"mock":"http://www.toimc.com:12000/20191020/892469aa-221f-4805-b3d7-e4194b10210d.jpeg"},{"name":"_id","type":0,"remark":"","must":1,"mock":"5dbe84e5e73b55bc5445d3bc"},{"name":"id","type":0,"remark":"","must":1,"mock":"5dbe84e5e73b55bc5445d3bc"}]},{"name":"tags","type":3,"remark":"","must":1,"mock":"","data":[]},{"name":"fav","type":0,"remark":"","must":1,"mock":"20"},{"name":"title","type":0,"remark":"","must":1,"mock":"习近平在中央军委基层建设会议上强调 发扬优良传统 强化改革创新 推动我军基层建设全面进步全面过硬"},{"name":"created","type":0,"remark":"","must":1,"mock":"2019-11-10 22:59:51"},{"name":"catalog","type":0,"remark":"","must":1,"mock":"ask"},{"name":"content","type":0,"remark":"","must":1,"mock":"<p style=\"text-indent: 2em;\"> 新华社北京11月10日电（记者李宣良、梅"},{"name":"__v","type":1,"remark":"","must":1,"mock":"0"},{"name":"id","type":0,"remark":"","must":1,"mock":"5dc825ec5c0c03b6739e4470"}]},{"name":null,"type":4,"remark":"","must":1,"mock":"","data":[{"name":"isEnd","type":0,"remark":"","must":1,"mock":"0"},{"name":"reads","type":1,"remark":"","must":1,"mock":"2"},{"name":"answer","type":1,"remark":"","must":1,"mock":"0"},{"name":"status","type":1,"remark":"","must":1,"mock":"0"},{"name":"isTop","type":0,"remark":"","must":1,"mock":"0"},{"name":"sort","type":0,"remark":"","must":1,"mock":"0"},{"name":"_id","type":0,"remark":"","must":1,"mock":"5dc825ec5c0c03b6739e4471"},{"name":"uid","type":4,"remark":"","must":1,"mock":"","data":[{"name":"name","type":0,"remark":"","must":1,"mock":"心软是病不治要命"},{"name":"isVip","type":0,"remark":"","must":1,"mock":"0"},{"name":"pic","type":0,"remark":"","must":1,"mock":"http://www.toimc.com:12000/20191020/ef232c63-eaee-457a-8e71-854561c9a094.jpeg"},{"name":"_id","type":0,"remark":"","must":1,"mock":"5dbe84e5e73b55bc5445d370"},{"name":"id","type":0,"remark":"","must":1,"mock":"5dbe84e5e73b55bc5445d370"}]},{"name":"tags","type":3,"remark":"","must":1,"mock":"","data":[]},{"name":"fav","type":0,"remark":"","must":1,"mock":"20"},{"name":"title","type":0,"remark":"","must":1,"mock":"习近平离京对希腊进行国事访问并赴巴西出席金砖国家领导人第十一次会晤"},{"name":"created","type":0,"remark":"","must":1,"mock":"2019-11-10 22:59:51"},{"name":"catalog","type":0,"remark":"","must":1,"mock":"ask"},{"name":"content","type":0,"remark":"","must":1,"mock":"<p style=\"text-indent: 2em;\"> 新华社北京11月10日电 国家主席习近平"},{"name":"__v","type":1,"remark":"","must":1,"mock":"0"},{"name":"id","type":0,"remark":"","must":1,"mock":"5dc825ec5c0c03b6739e4471"}]},{"name":null,"type":4,"remark":"","must":1,"mock":"","data":[{"name":"isEnd","type":0,"remark":"","must":1,"mock":"0"},{"name":"reads","type":1,"remark":"","must":1,"mock":"3"},{"name":"answer","type":1,"remark":"","must":1,"mock":"1"},{"name":"status","type":1,"remark":"","must":1,"mock":"0"},{"name":"isTop","type":0,"remark":"","must":1,"mock":"0"},{"name":"sort","type":0,"remark":"","must":1,"mock":"0"},{"name":"_id","type":0,"remark":"","must":1,"mock":"5dc825ec5c0c03b6739e4472"},{"name":"uid","type":4,"remark":"","must":1,"mock":"","data":[{"name":"name","type":0,"remark":"","must":1,"mock":"hcrkd"},{"name":"isVip","type":0,"remark":"","must":1,"mock":"0"},{"name":"pic","type":0,"remark":"","must":1,"mock":"http://www.toimc.com:12000/20191020/7783be61-2438-40da-a463-3579e09484b4.jpeg"},{"name":"_id","type":0,"remark":"","must":1,"mock":"5dbe84e5e73b55bc5445d3bd"},{"name":"id","type":0,"remark":"","must":1,"mock":"5dbe84e5e73b55bc5445d3bd"}]},{"name":"tags","type":3,"remark":"","must":1,"mock":"","data":[]},{"name":"fav","type":0,"remark":"","must":1,"mock":"20"},{"name":"title","type":0,"remark":"","must":1,"mock":"习近平离京对希腊进行国事访问并赴巴西出席金砖国家领导人第十一次会晤"},{"name":"created","type":0,"remark":"","must":1,"mock":"2019-11-10 22:59:51"},{"name":"catalog","type":0,"remark":"","must":1,"mock":"share"},{"name":"content","type":0,"remark":"","must":1,"mock":"<p style=\"text-indent: 2em;\"> 新华社北京11月10日电 国家主席习近平"},{"name":"__v","type":1,"remark":"","must":1,"mock":"0"},{"name":"id","type":0,"remark":"","must":1,"mock":"5dc825ec5c0c03b6739e4472"}]},{"name":null,"type":4,"remark":"","must":1,"mock":"","data":[{"name":"isEnd","type":0,"remark":"","must":1,"mock":"0"},{"name":"reads","type":1,"remark":"","must":1,"mock":"1"},{"name":"answer","type":1,"remark":"","must":1,"mock":"0"},{"name":"status","type":1,"remark":"","must":1,"mock":"0"},{"name":"isTop","type":0,"remark":"","must":1,"mock":"0"},{"name":"sort","type":0,"remark":"","must":1,"mock":"0"},{"name":"_id","type":0,"remark":"","must":1,"mock":"5dc825ec5c0c03b6739e4473"},{"name":"uid","type":4,"remark":"","must":1,"mock":"","data":[{"name":"name","type":0,"remark":"","must":1,"mock":"nshzi"},{"name":"isVip","type":0,"remark":"","must":1,"mock":"0"},{"name":"pic","type":0,"remark":"","must":1,"mock":"http://www.toimc.com:12000/20191020/c84ba2dd-3028-4751-8af1-bd040fe7839b.jpg"},{"name":"_id","type":0,"remark":"","must":1,"mock":"5dbe84821177ebbf1a660382"},{"name":"id","type":0,"remark":"","must":1,"mock":"5dbe84821177ebbf1a660382"}]},{"name":"tags","type":3,"remark":"","must":1,"mock":"","data":[]},{"name":"fav","type":0,"remark":"","must":1,"mock":"20"},{"name":"title","type":0,"remark":"","must":1,"mock":"每扇窗外都有不同的精彩——从“小而美”展品看“进博温度”"},{"name":"created","type":0,"remark":"","must":1,"mock":"2019-11-10 22:59:51"},{"name":"catalog","type":0,"remark":"","must":1,"mock":"share"},{"name":"content","type":0,"remark":"","must":1,"mock":"<p style=\"text-indent: 2em;\"> 新华社上海11月9日电 <strong>"},{"name":"__v","type":1,"remark":"","must":1,"mock":"0"},{"name":"id","type":0,"remark":"","must":1,"mock":"5dc825ec5c0c03b6739e4473"}]},{"name":null,"type":4,"remark":"","must":1,"mock":"","data":[{"name":"isEnd","type":0,"remark":"","must":1,"mock":"0"},{"name":"reads","type":1,"remark":"","must":1,"mock":"3"},{"name":"answer","type":1,"remark":"","must":1,"mock":"1"},{"name":"status","type":1,"remark":"","must":1,"mock":"0"},{"name":"isTop","type":0,"remark":"","must":1,"mock":"0"},{"name":"sort","type":0,"remark":"","must":1,"mock":"0"},{"name":"_id","type":0,"remark":"","must":1,"mock":"5dc825ec5c0c03b6739e4474"},{"name":"uid","type":4,"remark":"","must":1,"mock":"","data":[{"name":"name","type":0,"remark":"","must":1,"mock":"若思念没有尽头"},{"name":"isVip","type":0,"remark":"","must":1,"mock":"0"},{"name":"pic","type":0,"remark":"","must":1,"mock":"http://www.toimc.com:12000/20191020/5102fbb0-6bcc-4a9d-8a20-b983bfd41217.jpeg"},{"name":"_id","type":0,"remark":"","must":1,"mock":"5dbe84e6e73b55bc5445d4d4"},{"name":"id","type":0,"remark":"","must":1,"mock":"5dbe84e6e73b55bc5445d4d4"}]},{"name":"tags","type":3,"remark":"","must":1,"mock":"","data":[]},{"name":"fav","type":0,"remark":"","must":1,"mock":"20"},{"name":"title","type":0,"remark":"","must":1,"mock":"为希中务实合作注入新动力"},{"name":"created","type":0,"remark":"","must":1,"mock":"2019-11-10 22:59:51"},{"name":"catalog","type":0,"remark":"","must":1,"mock":"discuss"},{"name":"content","type":0,"remark":"","must":1,"mock":"<p> 　　“过去几年见证了希中关系的长足发展，习近平主席的到访，是进一步深化双边关系的良机，将为两"},{"name":"__v","type":1,"remark":"","must":1,"mock":"0"},{"name":"id","type":0,"remark":"","must":1,"mock":"5dc825ec5c0c03b6739e4474"}]},{"name":null,"type":4,"remark":"","must":1,"mock":"","data":[{"name":"isEnd","type":0,"remark":"","must":1,"mock":"0"},{"name":"reads","type":1,"remark":"","must":1,"mock":"2"},{"name":"answer","type":1,"remark":"","must":1,"mock":"1"},{"name":"status","type":1,"remark":"","must":1,"mock":"0"},{"name":"isTop","type":0,"remark":"","must":1,"mock":"0"},{"name":"sort","type":0,"remark":"","must":1,"mock":"0"},{"name":"_id","type":0,"remark":"","must":1,"mock":"5dc825ec5c0c03b6739e4475"},{"name":"uid","type":4,"remark":"","must":1,"mock":"","data":[{"name":"name","type":0,"remark":"","must":1,"mock":"rcats"},{"name":"isVip","type":0,"remark":"","must":1,"mock":"0"},{"name":"pic","type":0,"remark":"","must":1,"mock":""},{"name":"_id","type":0,"remark":"","must":1,"mock":"5dbe84811177ebbf1a660360"},{"name":"id","type":0,"remark":"","must":1,"mock":"5dbe84811177ebbf1a660360"}]},{"name":"tags","type":3,"remark":"","must":1,"mock":"","data":[]},{"name":"fav","type":0,"remark":"","must":1,"mock":"20"},{"name":"title","type":0,"remark":"","must":1,"mock":"“中企带来最先进风电技术”"},{"name":"created","type":0,"remark":"","must":1,"mock":"2019-11-10 22:59:51"},{"name":"catalog","type":0,"remark":"","must":1,"mock":"discuss"},{"name":"content","type":0,"remark":"","must":1,"mock":"<div align=\"center\" id=\"paper_pc_play\" style=\"padd"},{"name":"__v","type":1,"remark":"","must":1,"mock":"0"},{"name":"id","type":0,"remark":"","must":1,"mock":"5dc825ec5c0c03b6739e4475"}]},{"name":null,"type":4,"remark":"","must":1,"mock":"","data":[{"name":"isEnd","type":0,"remark":"","must":1,"mock":"0"},{"name":"reads","type":1,"remark":"","must":1,"mock":"1"},{"name":"answer","type":1,"remark":"","must":1,"mock":"0"},{"name":"status","type":1,"remark":"","must":1,"mock":"0"},{"name":"isTop","type":0,"remark":"","must":1,"mock":"0"},{"name":"sort","type":0,"remark":"","must":1,"mock":"0"},{"name":"_id","type":0,"remark":"","must":1,"mock":"5dc825ec5c0c03b6739e4476"},{"name":"uid","type":4,"remark":"","must":1,"mock":"","data":[{"name":"name","type":0,"remark":"","must":1,"mock":"我唱着我的悲伤"},{"name":"isVip","type":0,"remark":"","must":1,"mock":"0"},{"name":"pic","type":0,"remark":"","must":1,"mock":"http://www.toimc.com:12000/20191019/9561b1b2-43de-4202-bff7-28bd8ab71678.jpg"},{"name":"_id","type":0,"remark":"","must":1,"mock":"5dbe84e5e73b55bc5445d326"},{"name":"id","type":0,"remark":"","must":1,"mock":"5dbe84e5e73b55bc5445d326"}]},{"name":"tags","type":3,"remark":"","must":1,"mock":"","data":[]},{"name":"fav","type":0,"remark":"","must":1,"mock":"20"},{"name":"title","type":0,"remark":"","must":1,"mock":"中希两国人文交流亮点纷呈"},{"name":"created","type":0,"remark":"","must":1,"mock":"2019-11-10 22:59:51"},{"name":"catalog","type":0,"remark":"","must":1,"mock":"ask"},{"name":"content","type":0,"remark":"","must":1,"mock":"<p> 　　国之交在于民相亲。近日，一系列中希两国人文交流活动在希腊举行，在当地掀起一股中国热潮。<"},{"name":"__v","type":1,"remark":"","must":1,"mock":"0"},{"name":"id","type":0,"remark":"","must":1,"mock":"5dc825ec5c0c03b6739e4476"}]},{"name":null,"type":4,"remark":"","must":1,"mock":"","data":[{"name":"isEnd","type":0,"remark":"","must":1,"mock":"0"},{"name":"reads","type":1,"remark":"","must":1,"mock":"1"},{"name":"answer","type":1,"remark":"","must":1,"mock":"0"},{"name":"status","type":1,"remark":"","must":1,"mock":"0"},{"name":"isTop","type":0,"remark":"","must":1,"mock":"0"},{"name":"sort","type":0,"remark":"","must":1,"mock":"0"},{"name":"_id","type":0,"remark":"","must":1,"mock":"5dc825ec5c0c03b6739e4477"},{"name":"uid","type":4,"remark":"","must":1,"mock":"","data":[{"name":"name","type":0,"remark":"","must":1,"mock":"此人单身欢迎勾引"},{"name":"isVip","type":0,"remark":"","must":1,"mock":"0"},{"name":"pic","type":0,"remark":"","must":1,"mock":"http://www.toimc.com:12000/20191020/5102fbb0-6bcc-4a9d-8a20-b983bfd41217.jpeg"},{"name":"_id","type":0,"remark":"","must":1,"mock":"5dbe84e6e73b55bc5445d442"},{"name":"id","type":0,"remark":"","must":1,"mock":"5dbe84e6e73b55bc5445d442"}]},{"name":"tags","type":3,"remark":"","must":1,"mock":"","data":[]},{"name":"fav","type":0,"remark":"","must":1,"mock":"20"},{"name":"title","type":0,"remark":"","must":1,"mock":"习近平在希腊媒体发表署名文章"},{"name":"created","type":0,"remark":"","must":1,"mock":"2019-11-10 22:59:51"},{"name":"catalog","type":0,"remark":"","must":1,"mock":"discuss"},{"name":"content","type":0,"remark":"","must":1,"mock":"<p style=\"text-indent: 2em;\"> 新华社北京11月10日电 11月10日，"},{"name":"__v","type":1,"remark":"","must":1,"mock":"0"},{"name":"id","type":0,"remark":"","must":1,"mock":"5dc825ec5c0c03b6739e4477"}]},{"name":null,"type":4,"remark":"","must":1,"mock":"","data":[{"name":"isEnd","type":0,"remark":"","must":1,"mock":"0"},{"name":"reads","type":1,"remark":"","must":1,"mock":"2"},{"name":"answer","type":1,"remark":"","must":1,"mock":"0"},{"name":"status","type":1,"remark":"","must":1,"mock":"0"},{"name":"isTop","type":0,"remark":"","must":1,"mock":"0"},{"name":"sort","type":0,"remark":"","must":1,"mock":"0"},{"name":"_id","type":0,"remark":"","must":1,"mock":"5dc825ec5c0c03b6739e4478"},{"name":"uid","type":4,"remark":"","must":1,"mock":"","data":[{"name":"name","type":0,"remark":"","must":1,"mock":"grwdc"},{"name":"isVip","type":0,"remark":"","must":1,"mock":"0"},{"name":"pic","type":0,"remark":"","must":1,"mock":"http://www.toimc.com:12000/20191020/bfb07513-49fa-4871-b281-22e1295f2687.jpeg"},{"name":"_id","type":0,"remark":"","must":1,"mock":"5dbe861a27acc34665ac9200"},{"name":"id","type":0,"remark":"","must":1,"mock":"5dbe861a27acc34665ac9200"}]},{"name":"tags","type":3,"remark":"","must":1,"mock":"","data":[]},{"name":"fav","type":0,"remark":"","must":1,"mock":"20"},{"name":"title","type":0,"remark":"","must":1,"mock":"习近平致信祝贺中国法治国际论坛（2019）开幕"},{"name":"created","type":0,"remark":"","must":1,"mock":"2019-11-10 22:59:51"},{"name":"catalog","type":0,"remark":"","must":1,"mock":"advise"},{"name":"content","type":0,"remark":"","must":1,"mock":"<p style=\"text-indent: 2em;\"> 新华社广州11月10日电 中国法治国际论"},{"name":"__v","type":1,"remark":"","must":1,"mock":"0"},{"name":"id","type":0,"remark":"","must":1,"mock":"5dc825ec5c0c03b6739e4478"}]},{"name":null,"type":4,"remark":"","must":1,"mock":"","data":[{"name":"isEnd","type":0,"remark":"","must":1,"mock":"0"},{"name":"reads","type":1,"remark":"","must":1,"mock":"6"},{"name":"answer","type":1,"remark":"","must":1,"mock":"0"},{"name":"status","type":1,"remark":"","must":1,"mock":"0"},{"name":"isTop","type":0,"remark":"","must":1,"mock":"0"},{"name":"sort","type":0,"remark":"","must":1,"mock":"0"},{"name":"_id","type":0,"remark":"","must":1,"mock":"5dc6c46f6778d00802b7a395"},{"name":"title","type":0,"remark":"","must":1,"mock":"111111"},{"name":"catalog","type":0,"remark":"","must":1,"mock":"ask"},{"name":"content","type":0,"remark":"","must":1,"mock":" face[抱抱] img[http://localhost:3000/20191109/45f6c"},{"name":"tags","type":3,"remark":"","must":1,"mock":"","data":[]},{"name":"uid","type":4,"remark":"","must":1,"mock":"","data":[{"name":"name","type":0,"remark":"","must":1,"mock":""},{"name":"isVip","type":0,"remark":"","must":1,"mock":"0"},{"name":"pic","type":0,"remark":"","must":1,"mock":"https://wx.qlogo.cn/mmopen/vi_32/Q0j4TwGTfTK950zqWZura0LkfyMD6EN7xGKicWN8f7icItUkOMQ1hnQe124fWDnn6CmtaBTANGia7mRsut82Bz7cQ/132"},{"name":"_id","type":0,"remark":"","must":1,"mock":"5dc188b467435317a8247b09"},{"name":"id","type":0,"remark":"","must":1,"mock":"5dc188b467435317a8247b09"}]},{"name":"snapshot","type":0,"remark":"","must":1,"mock":"http://localhost:3000/20191109/45f6ca2e-25d1-41b2-a01c-e9848038f7cd.png"},{"name":"created","type":0,"remark":"","must":1,"mock":"2019-11-09 13:51:43"},{"name":"__v","type":1,"remark":"","must":1,"mock":"0"},{"name":"id","type":0,"remark":"","must":1,"mock":"5dc6c46f6778d00802b7a395"}]},{"name":null,"type":4,"remark":"","must":1,"mock":"","data":[{"name":"isEnd","type":0,"remark":"","must":1,"mock":"0"},{"name":"reads","type":1,"remark":"","must":1,"mock":"13"},{"name":"answer","type":1,"remark":"","must":1,"mock":"2"},{"name":"status","type":1,"remark":"","must":1,"mock":"0"},{"name":"isTop","type":0,"remark":"","must":1,"mock":"0"},{"name":"sort","type":0,"remark":"","must":1,"mock":"0"},{"name":"_id","type":0,"remark":"","must":1,"mock":"5dc52692fae96d27f66fad40"},{"name":"uid","type":4,"remark":"","must":1,"mock":"","data":[{"name":"name","type":0,"remark":"","must":1,"mock":"nakyd"},{"name":"isVip","type":0,"remark":"","must":1,"mock":"0"},{"name":"pic","type":0,"remark":"","must":1,"mock":""},{"name":"_id","type":0,"remark":"","must":1,"mock":"5dbe84e6e73b55bc5445d54c"},{"name":"id","type":0,"remark":"","must":1,"mock":"5dbe84e6e73b55bc5445d54c"}]},{"name":"tags","type":3,"remark":"","must":1,"mock":"","data":[]},{"name":"fav","type":0,"remark":"","must":1,"mock":"20"},{"name":"title","type":0,"remark":"","must":1,"mock":"厚植企业创新创业的沃土（观象台）"},{"name":"created","type":0,"remark":"","must":1,"mock":"2019-11-08 16:25:42"},{"name":"catalog","type":0,"remark":"","must":1,"mock":"share"},{"name":"content","type":0,"remark":"","must":1,"mock":"<p style=\"text-indent: 2em;\"> 未来的中国，需要擅长商业模式创新的企业，"},{"name":"__v","type":1,"remark":"","must":1,"mock":"0"},{"name":"id","type":0,"remark":"","must":1,"mock":"5dc52692fae96d27f66fad40"}]},{"name":null,"type":4,"remark":"","must":1,"mock":"","data":[{"name":"isEnd","type":0,"remark":"","must":1,"mock":"0"},{"name":"reads","type":1,"remark":"","must":1,"mock":"6"},{"name":"answer","type":1,"remark":"","must":1,"mock":"1"},{"name":"status","type":1,"remark":"","must":1,"mock":"0"},{"name":"isTop","type":0,"remark":"","must":1,"mock":"0"},{"name":"sort","type":0,"remark":"","must":1,"mock":"0"},{"name":"_id","type":0,"remark":"","must":1,"mock":"5dc524937d73342799ef8b84"},{"name":"uid","type":4,"remark":"","must":1,"mock":"","data":[{"name":"name","type":0,"remark":"","must":1,"mock":"深海爱人情太深"},{"name":"isVip","type":0,"remark":"","must":1,"mock":"0"},{"name":"pic","type":0,"remark":"","must":1,"mock":"http://www.toimc.com:12000/20191019/9561b1b2-43de-4202-bff7-28bd8ab71678.jpg"},{"name":"_id","type":0,"remark":"","must":1,"mock":"5dbe84821177ebbf1a660397"},{"name":"id","type":0,"remark":"","must":1,"mock":"5dbe84821177ebbf1a660397"}]},{"name":"tags","type":3,"remark":"","must":1,"mock":"","data":[]},{"name":"fav","type":0,"remark":"","must":1,"mock":"20"},{"name":"title","type":0,"remark":"","must":1,"mock":"市场监管总局：加强“双11”网络集中促销期间市场监管"},{"name":"created","type":0,"remark":"","must":1,"mock":"2019-11-08 16:17:23"},{"name":"catalog","type":0,"remark":"","must":1,"mock":"ask"},{"name":"content","type":0,"remark":"","must":1,"mock":"<p style=\"text-indent: 2em;\"> 人民网北京11月8日电 （邢郑） 当前我"},{"name":"__v","type":1,"remark":"","must":1,"mock":"0"},{"name":"id","type":0,"remark":"","must":1,"mock":"5dc524937d73342799ef8b84"}]},{"name":null,"type":4,"remark":"","must":1,"mock":"","data":[{"name":"isEnd","type":0,"remark":"","must":1,"mock":"0"},{"name":"reads","type":1,"remark":"","must":1,"mock":"2"},{"name":"answer","type":1,"remark":"","must":1,"mock":"1"},{"name":"status","type":1,"remark":"","must":1,"mock":"0"},{"name":"isTop","type":0,"remark":"","must":1,"mock":"0"},{"name":"sort","type":0,"remark":"","must":1,"mock":"0"},{"name":"_id","type":0,"remark":"","must":1,"mock":"5dc524937d73342799ef8b85"},{"name":"uid","type":4,"remark":"","must":1,"mock":"","data":[{"name":"name","type":0,"remark":"","must":1,"mock":"拥有不曾拥有"},{"name":"isVip","type":0,"remark":"","must":1,"mock":"0"},{"name":"pic","type":0,"remark":"","must":1,"mock":"http://www.toimc.com:12000/20191020/892469aa-221f-4805-b3d7-e4194b10210d.jpeg"},{"name":"_id","type":0,"remark":"","must":1,"mock":"5dbe84821177ebbf1a66037d"},{"name":"id","type":0,"remark":"","must":1,"mock":"5dbe84821177ebbf1a66037d"}]},{"name":"tags","type":3,"remark":"","must":1,"mock":"","data":[]},{"name":"fav","type":0,"remark":"","must":1,"mock":"20"},{"name":"title","type":0,"remark":"","must":1,"mock":"工行举办进博会非洲拉美经贸洽谈会"},{"name":"created","type":0,"remark":"","must":1,"mock":"2019-11-08 16:17:23"},{"name":"catalog","type":0,"remark":"","must":1,"mock":"share"},{"name":"content","type":0,"remark":"","must":1,"mock":"<p style=\"text-indent: 2em;\"> 人民网北京11月8日电 11月6日下午，"},{"name":"__v","type":1,"remark":"","must":1,"mock":"0"},{"name":"id","type":0,"remark":"","must":1,"mock":"5dc524937d73342799ef8b85"}]},{"name":null,"type":4,"remark":"","must":1,"mock":"","data":[{"name":"isEnd","type":0,"remark":"","must":1,"mock":"0"},{"name":"reads","type":1,"remark":"","must":1,"mock":"4"},{"name":"answer","type":1,"remark":"","must":1,"mock":"2"},{"name":"status","type":1,"remark":"","must":1,"mock":"0"},{"name":"isTop","type":0,"remark":"","must":1,"mock":"0"},{"name":"sort","type":0,"remark":"","must":1,"mock":"0"},{"name":"_id","type":0,"remark":"","must":1,"mock":"5dc524937d73342799ef8b86"},{"name":"uid","type":4,"remark":"","must":1,"mock":"","data":[{"name":"name","type":0,"remark":"","must":1,"mock":"brnid"},{"name":"isVip","type":0,"remark":"","must":1,"mock":"0"},{"name":"pic","type":0,"remark":"","must":1,"mock":"http://www.toimc.com:12000/20191022/392703b1-6c22-4f23-a7a4-cbafcc927473.jpg"},{"name":"_id","type":0,"remark":"","must":1,"mock":"5dbe84e5e73b55bc5445d34d"},{"name":"id","type":0,"remark":"","must":1,"mock":"5dbe84e5e73b55bc5445d34d"}]},{"name":"tags","type":3,"remark":"","must":1,"mock":"","data":[]},{"name":"fav","type":0,"remark":"","must":1,"mock":"20"},{"name":"title","type":0,"remark":"","must":1,"mock":"王新哲：区块链技术对于推动经济高质量发展具有重要意义"},{"name":"created","type":0,"remark":"","must":1,"mock":"2019-11-08 16:17:23"},{"name":"catalog","type":0,"remark":"","must":1,"mock":"discuss"},{"name":"content","type":0,"remark":"","must":1,"mock":"<p style=\"text-indent: 2em;\"> 人民网北京11月8日电 （付长超）11月"},{"name":"__v","type":1,"remark":"","must":1,"mock":"0"},{"name":"id","type":0,"remark":"","must":1,"mock":"5dc524937d73342799ef8b86"}]},{"name":null,"type":4,"remark":"","must":1,"mock":"","data":[{"name":"isEnd","type":0,"remark":"","must":1,"mock":"0"},{"name":"reads","type":1,"remark":"","must":1,"mock":"2"},{"name":"answer","type":1,"remark":"","must":1,"mock":"1"},{"name":"status","type":1,"remark":"","must":1,"mock":"0"},{"name":"isTop","type":0,"remark":"","must":1,"mock":"0"},{"name":"sort","type":0,"remark":"","must":1,"mock":"0"},{"name":"_id","type":0,"remark":"","must":1,"mock":"5dc524937d73342799ef8b87"},{"name":"uid","type":4,"remark":"","must":1,"mock":"","data":[{"name":"name","type":0,"remark":"","must":1,"mock":"bhwzk"},{"name":"isVip","type":0,"remark":"","must":1,"mock":"0"},{"name":"pic","type":0,"remark":"","must":1,"mock":"http://www.toimc.com:12000/20191019/9561b1b2-43de-4202-bff7-28bd8ab71678.jpg"},{"name":"_id","type":0,"remark":"","must":1,"mock":"5dbe84e5e73b55bc5445d2ef"},{"name":"id","type":0,"remark":"","must":1,"mock":"5dbe84e5e73b55bc5445d2ef"}]},{"name":"tags","type":3,"remark":"","must":1,"mock":"","data":[]},{"name":"fav","type":0,"remark":"","must":1,"mock":"20"},{"name":"title","type":0,"remark":"","must":1,"mock":"王新哲：充分发挥区块链技术在带动技术突破等方面的战略性作用"},{"name":"created","type":0,"remark":"","must":1,"mock":"2019-11-08 16:17:23"},{"name":"catalog","type":0,"remark":"","must":1,"mock":"advise"},{"name":"content","type":0,"remark":"","must":1,"mock":"<p style=\"text-indent: 2em;\"> 人民网北京11月8日电 （付长超）8日上"},{"name":"__v","type":1,"remark":"","must":1,"mock":"0"},{"name":"id","type":0,"remark":"","must":1,"mock":"5dc524937d73342799ef8b87"}]},{"name":null,"type":4,"remark":"","must":1,"mock":"","data":[{"name":"isEnd","type":0,"remark":"","must":1,"mock":"0"},{"name":"reads","type":1,"remark":"","must":1,"mock":"1"},{"name":"answer","type":1,"remark":"","must":1,"mock":"0"},{"name":"status","type":1,"remark":"","must":1,"mock":"0"},{"name":"isTop","type":0,"remark":"","must":1,"mock":"0"},{"name":"sort","type":0,"remark":"","must":1,"mock":"0"},{"name":"_id","type":0,"remark":"","must":1,"mock":"5dc51976fbbdbfb638ca3db5"},{"name":"uid","type":4,"remark":"","must":1,"mock":"","data":[{"name":"name","type":0,"remark":"","must":1,"mock":"dnast"},{"name":"isVip","type":0,"remark":"","must":1,"mock":"0"},{"name":"pic","type":0,"remark":"","must":1,"mock":"http://www.toimc.com:12000/20191020/892469aa-221f-4805-b3d7-e4194b10210d.jpeg"},{"name":"_id","type":0,"remark":"","must":1,"mock":"5dbe84e6e73b55bc5445d560"},{"name":"id","type":0,"remark":"","must":1,"mock":"5dbe84e6e73b55bc5445d560"}]},{"name":"tags","type":3,"remark":"","must":1,"mock":"","data":[]},{"name":"fav","type":0,"remark":"","must":1,"mock":"20"},{"name":"title","type":0,"remark":"","must":1,"mock":"体育频道"},{"name":"created","type":0,"remark":"","must":1,"mock":"2019-11-08 15:29:58"},{"name":"catalog","type":0,"remark":"","must":1,"mock":"ask"},{"name":"content","type":0,"remark":"","must":1,"mock":"<p style=\"text-indent: 2em; text-align: center;\"> "},{"name":"__v","type":1,"remark":"","must":1,"mock":"0"},{"name":"id","type":0,"remark":"","must":1,"mock":"5dc51976fbbdbfb638ca3db5"}]},{"name":null,"type":4,"remark":"","must":1,"mock":"","data":[{"name":"isEnd","type":0,"remark":"","must":1,"mock":"0"},{"name":"reads","type":1,"remark":"","must":1,"mock":"4"},{"name":"answer","type":1,"remark":"","must":1,"mock":"0"},{"name":"status","type":1,"remark":"","must":1,"mock":"0"},{"name":"isTop","type":0,"remark":"","must":1,"mock":"0"},{"name":"sort","type":0,"remark":"","must":1,"mock":"0"},{"name":"_id","type":0,"remark":"","must":1,"mock":"5dc51976fbbdbfb638ca3db6"},{"name":"uid","type":4,"remark":"","must":1,"mock":"","data":[{"name":"name","type":0,"remark":"","must":1,"mock":"一身干净味"},{"name":"isVip","type":0,"remark":"","must":1,"mock":"0"},{"name":"pic","type":0,"remark":"","must":1,"mock":"http://www.toimc.com:12000/20191020/96579c97-540c-4be8-a8eb-71be4cb657a2.png"},{"name":"_id","type":0,"remark":"","must":1,"mock":"5dbe84e6e73b55bc5445d56f"},{"name":"id","type":0,"remark":"","must":1,"mock":"5dbe84e6e73b55bc5445d56f"}]},{"name":"tags","type":3,"remark":"","must":1,"mock":"","data":[]},{"name":"fav","type":0,"remark":"","must":1,"mock":"20"},{"name":"title","type":0,"remark":"","must":1,"mock":"第十三届中国杯帆船赛第二日 实力强队“亮剑”"},{"name":"created","type":0,"remark":"","must":1,"mock":"2019-11-08 15:29:58"},{"name":"catalog","type":0,"remark":"","must":1,"mock":"advise"},{"name":"content","type":0,"remark":"","must":1,"mock":"<p style=\"text-indent: 2em;\"> 人民网北京11月8日电 11月8日，第九"},{"name":"__v","type":1,"remark":"","must":1,"mock":"0"},{"name":"id","type":0,"remark":"","must":1,"mock":"5dc51976fbbdbfb638ca3db6"}]}]},{"name":"total","type":1,"remark":"","must":1,"mock":"1144"}],"outInfo":{"type":0,"rawRemark":"","rawMock":"","jsonType":0},"restParam":[],"example":[]}],"finish":0,"sort":0,"name":"获取发贴列表","url":"/public/list","remark":"","method":"GET","id":"363e3a40-06b0-11ea-bb68-7f62c9900fb5"},{"param":[{"before":{"mode":0,"code":""},"after":{"mode":0,"code":""},"name":"参数","id":"fcdb2823-035b-4608-a5ce-902457c165d1","remark":"","header":[],"queryParam":[],"outParam":[{"name":"code","type":1,"remark":"","must":1,"mock":"200"},{"name":"msg","type":0,"remark":"","must":1,"mock":"查询成功"},{"name":"data","type":3,"remark":"","must":1,"mock":"","data":[{"name":null,"type":4,"remark":"","must":1,"mock":"","data":[{"name":"message","type":0,"remark":"","must":1,"mock":"obj.filter.map is not a function"},{"name":"code","type":0,"remark":"","must":1,"mock":"404"},{"name":"method","type":0,"remark":"","must":1,"mock":"GET"},{"name":"path","type":0,"remark":"","must":1,"mock":"/admin/get-error"},{"name":"param","type":4,"remark":"","must":1,"mock":"","data":[{"name":"page","type":0,"remark":"","must":1,"mock":"1"},{"name":"limit","type":0,"remark":"","must":1,"mock":"10"},{"name":"filter[code]","type":0,"remark":"","must":1,"mock":"404"},{"name":"filter[method]","type":0,"remark":"","must":1,"mock":"get"}]},{"name":"username","type":0,"remark":"","must":1,"mock":"1322928787@qq.com"},{"name":"stack","type":0,"remark":"","must":1,"mock":"TypeError: obj.filter.map is not a function\n    at getErrorList (webpack-internal:///./src/api/ErrorController.js:14:31)\n    at dispatch (/Users/chris/Downloads/v2/api-start/node_modules/koa-router/node_modules/koa-compose/index.js:44:32)\n    at next (/Users/chris/Downloads/v2/api-start/node_modules/koa-router/node_modules/koa-compose/index.js:45:18)\n    at /Users/chris/Downloads/v2/api-start/node_modules/koa-router/lib/router.js:346:16\n    at dispatch (/Users/chris/Downloads/v2/api-start/node_modules/koa-router/node_modules/koa-compose/index.js:44:32)\n    at /Users/chris/Downloads/v2/api-start/node_modules/koa-router/node_modules/koa-compose/index.js:36:12\n    at dispatch (/Users/chris/Downloads/v2/api-start/node_modules/koa-router/lib/router.js:351:31)\n    at dispatch (/Users/chris/Downloads/v2/api-start/node_modules/koa-compose/index.js:42:32)\n    at /Users/chris/Downloads/v2/api-start/node_modules/koa-compose/index.js:34:12\n    at dispatch (/Users/chris/Downloads/v2/api-start/node_modules/koa-compose/index.js:42:32)\n    at dispatch (/Users/chris/Downloads/v2/api-start/node_modules/koa-compose/index.js:42:32)\n    at /Users/chris/Downloads/v2/api-start/node_modules/koa-log4/koa-logger.js:86:13\n    at dispatch (/Users/chris/Downloads/v2/api-start/node_modules/koa-compose/index.js:42:32)\n    at __webpack_exports__.default (webpack-internal:///./src/common/ErrorHandle.js:13:11)\n    at dispatch (/Users/chris/Downloads/v2/api-start/node_modules/koa-compose/index.js:42:32)\n    at __webpack_exports__.default (webpack-internal:///./src/common/Auth.js:22:15)\n    at processTicksAndRejections (internal/process/task_queues.js:93:5)\n    at async cors (/Users/chris/Downloads/v2/api-start/node_modules/@koa/cors/index.js:88:16)\n    at async serve (/Users/chris/Downloads/v2/api-start/node_modules/koa-static/index.js:53:9)\n    at async __webpack_exports__.default (webpack-internal:///./src/common/Logger.js:7:3)"},{"name":"_id","type":0,"remark":"","must":1,"mock":"5e71f34cf39f90bb8b253e6c"},{"name":"created","type":0,"remark":"","must":1,"mock":"2020-03-18T10:09:16.337Z"},{"name":"__v","type":1,"remark":"","must":1,"mock":"0"}]},{"name":null,"type":4,"remark":"","must":1,"mock":"","data":[{"name":"message","type":0,"remark":"","must":1,"mock":"Skip value must be non-negative, but received: -10"},{"name":"code","type":0,"remark":"","must":1,"mock":"404"},{"name":"method","type":0,"remark":"","must":1,"mock":"GET"},{"name":"path","type":0,"remark":"","must":1,"mock":"/admin/get-error"},{"name":"param","type":4,"remark":"","must":1,"mock":"","data":[{"name":"page","type":0,"remark":"","must":1,"mock":"1"},{"name":"limit","type":0,"remark":"","must":1,"mock":"10"},{"name":"fitler[code]","type":0,"remark":"","must":1,"mock":"404"}]},{"name":"username","type":0,"remark":"","must":1,"mock":"1322928787@qq.com"},{"name":"stack","type":0,"remark":"","must":1,"mock":"MongoError: Skip value must be non-negative, but received: -10\n    at Connection.<anonymous> (/Users/chris/Downloads/v2/api-start/node_modules/mongodb/lib/core/connection/pool.js:466:61)\n    at Connection.emit (events.js:210:5)\n    at processMessage (/Users/chris/Downloads/v2/api-start/node_modules/mongodb/lib/core/connection/connection.js:384:10)\n    at Socket.<anonymous> (/Users/chris/Downloads/v2/api-start/node_modules/mongodb/lib/core/connection/connection.js:553:15)\n    at Socket.emit (events.js:210:5)\n    at addChunk (_stream_readable.js:309:12)\n    at readableAddChunk (_stream_readable.js:290:11)\n    at Socket.Readable.push (_stream_readable.js:224:10)\n    at TCP.onStreamRead (internal/stream_base_commons.js:182:23)"},{"name":"_id","type":0,"remark":"","must":1,"mock":"5e71f06d8884bbba47b88a14"},{"name":"created","type":0,"remark":"","must":1,"mock":"2020-03-18T09:57:01.228Z"},{"name":"__v","type":1,"remark":"","must":1,"mock":"0"}]},{"name":null,"type":4,"remark":"","must":1,"mock":"","data":[{"name":"message","type":0,"remark":"","must":1,"mock":"请求方法不存在，请检查路由！"},{"name":"code","type":0,"remark":"","must":1,"mock":"405"},{"name":"method","type":0,"remark":"","must":1,"mock":"POST"},{"name":"path","type":0,"remark":"","must":1,"mock":"/admin/delete-error"},{"name":"param","type":4,"remark":"","must":1,"mock":"","data":[{"name":"ids","type":3,"remark":"","must":1,"mock":"","data":[{"name":null,"type":0,"remark":"","must":1,"mock":"5e71ca72a10c9b9da6820bd9"},{"name":null,"type":0,"remark":"","must":1,"mock":"5e71b3708265789719753ea4"}]}]},{"name":"username","type":0,"remark":"","must":1,"mock":"1322928787@qq.com"},{"name":"stack","type":0,"remark":"","must":1,"mock":"InternalServerError: 请求方法不存在，请检查路由！\n    at Object.throw (/Users/chris/Downloads/v2/api-start/node_modules/koa/lib/context.js:97:11)\n    at __webpack_exports__.default (webpack-internal:///./src/common/ErrorHandle.js:35:16)\n    at processTicksAndRejections (internal/process/task_queues.js:93:5)\n    at async __webpack_exports__.default (webpack-internal:///./src/common/Auth.js:22:9)\n    at async cors (/Users/chris/Downloads/v2/api-start/node_modules/@koa/cors/index.js:88:16)\n    at async serve (/Users/chris/Downloads/v2/api-start/node_modules/koa-static/index.js:53:9)\n    at async __webpack_exports__.default (webpack-internal:///./src/common/Logger.js:7:3)"},{"name":"_id","type":0,"remark":"","must":1,"mock":"5e71d8dbfcfff9b21dd93307"},{"name":"created","type":0,"remark":"","must":1,"mock":"2020-03-18T08:16:27.020Z"},{"name":"__v","type":1,"remark":"","must":1,"mock":"0"}]},{"name":null,"type":4,"remark":"","must":1,"mock":"","data":[{"name":"message","type":0,"remark":"","must":1,"mock":"Internal Server Error"},{"name":"code","type":0,"remark":"","must":1,"mock":"500"},{"name":"method","type":0,"remark":"","must":1,"mock":"POST"},{"name":"path","type":0,"remark":"","must":1,"mock":"/admin/add-menu1"},{"name":"param","type":4,"remark":"","must":1,"mock":"","data":[{"name":"children","type":3,"remark":"","must":1,"mock":"","data":[{"name":null,"type":4,"remark":"","must":1,"mock":"","data":[{"name":"name","type":0,"remark":"","must":1,"mock":""},{"name":"path","type":0,"remark":"","must":1,"mock":"11"},{"name":"component","type":0,"remark":"","must":1,"mock":"11"},{"name":"hideInBread","type":2,"remark":"","must":1,"mock":"false"},{"name":"hideInMenu","type":2,"remark":"","must":1,"mock":"false"},{"name":"notCache","type":2,"remark":"","must":1,"mock":"false"},{"name":"icon","type":0,"remark":"","must":1,"mock":""},{"name":"sort","type":1,"remark":"","must":1,"mock":"0"},{"name":"redirect","type":0,"remark":"","must":1,"mock":""},{"name":"type","type":0,"remark":"","must":1,"mock":"menu"},{"name":"operations","type":3,"remark":"","must":1,"mock":"","data":[]},{"name":"title","type":0,"remark":"","must":1,"mock":"c1"},{"name":"expand","type":2,"remark":"","must":1,"mock":"true"},{"name":"nodeKey","type":1,"remark":"","must":1,"mock":"1"},{"name":"selected","type":2,"remark":"","must":1,"mock":"false"}]},{"name":null,"type":4,"remark":"","must":1,"mock":"","data":[{"name":"name","type":0,"remark":"","must":1,"mock":""},{"name":"path","type":0,"remark":"","must":1,"mock":"22"},{"name":"component","type":0,"remark":"","must":1,"mock":"222"},{"name":"hideInBread","type":2,"remark":"","must":1,"mock":"false"},{"name":"hideInMenu","type":2,"remark":"","must":1,"mock":"false"},{"name":"notCache","type":2,"remark":"","must":1,"mock":"false"},{"name":"icon","type":0,"remark":"","must":1,"mock":""},{"name":"sort","type":1,"remark":"","must":1,"mock":"0"},{"name":"redirect","type":0,"remark":"","must":1,"mock":""},{"name":"type","type":0,"remark":"","must":1,"mock":"menu"},{"name":"operations","type":3,"remark":"","must":1,"mock":"","data":[]},{"name":"title","type":0,"remark":"","must":1,"mock":"c2"},{"name":"expand","type":2,"remark":"","must":1,"mock":"true"},{"name":"nodeKey","type":1,"remark":"","must":1,"mock":"2"},{"name":"selected","type":2,"remark":"","must":1,"mock":"false"},{"name":"children","type":3,"remark":"","must":1,"mock":"","data":[]}]}]}]},{"name":"username","type":0,"remark":"","must":1,"mock":"1322928787@qq.com"},{"name":"stack","type":0,"remark":"","must":1,"mock":"InternalServerError: Internal Server Error\n    at Object.throw (/Users/chris/Downloads/v2/api-start/node_modules/koa/lib/context.js:97:11)\n    at __webpack_exports__.default (webpack-internal:///./src/common/ErrorHandle.js:15:16)\n    at processTicksAndRejections (internal/process/task_queues.js:93:5)\n    at async __webpack_exports__.default (webpack-internal:///./src/common/Auth.js:22:9)\n    at async cors (/Users/chris/Downloads/v2/api-start/node_modules/@koa/cors/index.js:54:32)\n    at async serve (/Users/chris/Downloads/v2/api-start/node_modules/koa-static/index.js:53:9)\n    at async __webpack_exports__.default (webpack-internal:///./src/common/Logger.js:7:3)"},{"name":"_id","type":0,"remark":"","must":1,"mock":"5e71b15b3d0f6d95feaa6544"},{"name":"created","type":0,"remark":"","must":1,"mock":"2020-03-18T05:27:55.874Z"},{"name":"__v","type":1,"remark":"","must":1,"mock":"0"}]},{"name":null,"type":4,"remark":"","must":1,"mock":"","data":[{"name":"message","type":0,"remark":"","must":1,"mock":"Authentication Error"},{"name":"code","type":0,"remark":"","must":1,"mock":"404"},{"name":"method","type":0,"remark":"","must":1,"mock":"POST"},{"name":"path","type":0,"remark":"","must":1,"mock":"/admin/add-menu"},{"name":"param","type":4,"remark":"","must":1,"mock":"","data":[{"name":"name","type":0,"remark":"","must":1,"mock":""},{"name":"path","type":0,"remark":"","must":1,"mock":"111"},{"name":"component","type":0,"remark":"","must":1,"mock":"111"},{"name":"hideInBread","type":2,"remark":"","must":1,"mock":"false"},{"name":"hideInMenu","type":2,"remark":"","must":1,"mock":"false"},{"name":"notCache","type":2,"remark":"","must":1,"mock":"false"},{"name":"icon","type":0,"remark":"","must":1,"mock":""},{"name":"sort","type":1,"remark":"","must":1,"mock":"0"},{"name":"redirect","type":0,"remark":"","must":1,"mock":""},{"name":"type","type":0,"remark":"","must":1,"mock":"menu"},{"name":"operations","type":3,"remark":"","must":1,"mock":"","data":[]},{"name":"title","type":0,"remark":"","must":1,"mock":"p1"},{"name":"expand","type":2,"remark":"","must":1,"mock":"true"},{"name":"nodeKey","type":1,"remark":"","must":1,"mock":"0"},{"name":"selected","type":2,"remark":"","must":1,"mock":"true"},{"name":"children","type":3,"remark":"","must":1,"mock":"","data":[{"name":null,"type":4,"remark":"","must":1,"mock":"","data":[{"name":"name","type":0,"remark":"","must":1,"mock":""},{"name":"path","type":0,"remark":"","must":1,"mock":"11"},{"name":"component","type":0,"remark":"","must":1,"mock":"11"},{"name":"hideInBread","type":2,"remark":"","must":1,"mock":"false"},{"name":"hideInMenu","type":2,"remark":"","must":1,"mock":"false"},{"name":"notCache","type":2,"remark":"","must":1,"mock":"false"},{"name":"icon","type":0,"remark":"","must":1,"mock":""},{"name":"sort","type":1,"remark":"","must":1,"mock":"0"},{"name":"redirect","type":0,"remark":"","must":1,"mock":""},{"name":"type","type":0,"remark":"","must":1,"mock":"menu"},{"name":"operations","type":3,"remark":"","must":1,"mock":"","data":[]},{"name":"title","type":0,"remark":"","must":1,"mock":"c1"},{"name":"expand","type":2,"remark":"","must":1,"mock":"true"},{"name":"nodeKey","type":1,"remark":"","must":1,"mock":"1"},{"name":"selected","type":2,"remark":"","must":1,"mock":"false"}]},{"name":null,"type":4,"remark":"","must":1,"mock":"","data":[{"name":"name","type":0,"remark":"","must":1,"mock":""},{"name":"path","type":0,"remark":"","must":1,"mock":"22"},{"name":"component","type":0,"remark":"","must":1,"mock":"222"},{"name":"hideInBread","type":2,"remark":"","must":1,"mock":"false"},{"name":"hideInMenu","type":2,"remark":"","must":1,"mock":"false"},{"name":"notCache","type":2,"remark":"","must":1,"mock":"false"},{"name":"icon","type":0,"remark":"","must":1,"mock":""},{"name":"sort","type":1,"remark":"","must":1,"mock":"0"},{"name":"redirect","type":0,"remark":"","must":1,"mock":""},{"name":"type","type":0,"remark":"","must":1,"mock":"menu"},{"name":"operations","type":3,"remark":"","must":1,"mock":"","data":[]},{"name":"title","type":0,"remark":"","must":1,"mock":"c2"},{"name":"expand","type":2,"remark":"","must":1,"mock":"true"},{"name":"nodeKey","type":1,"remark":"","must":1,"mock":"2"},{"name":"selected","type":2,"remark":"","must":1,"mock":"false"},{"name":"children","type":3,"remark":"","must":1,"mock":"","data":[]}]}]}]},{"name":"username","type":0,"remark":"","must":1,"mock":""},{"name":"stack","type":0,"remark":"","must":1,"mock":"UnauthorizedError: Authentication Error\n    at Object.throw (/Users/chris/Downloads/v2/api-start/node_modules/koa/lib/context.js:97:11)\n    at jwt (/Users/chris/Downloads/v2/api-start/node_modules/koa-jwt/lib/index.js:68:26)\n    at processTicksAndRejections (internal/process/task_queues.js:93:5)"},{"name":"_id","type":0,"remark":"","must":1,"mock":"5e71a45b47d8508df1fd5fdb"},{"name":"created","type":0,"remark":"","must":1,"mock":"2020-03-18T04:32:27.573Z"},{"name":"__v","type":1,"remark":"","must":1,"mock":"0"}]}]},{"name":"total","type":1,"remark":"","must":1,"mock":"5"},{"name":"filters","type":4,"remark":"","must":1,"mock":"","data":[{"name":"method","type":3,"remark":"","must":1,"mock":"","data":[{"name":null,"type":4,"remark":"","must":1,"mock":"","data":[{"name":"label","type":0,"remark":"","must":1,"mock":"GET"},{"name":"value","type":0,"remark":"","must":1,"mock":"GET"}]},{"name":null,"type":4,"remark":"","must":1,"mock":"","data":[{"name":"label","type":0,"remark":"","must":1,"mock":"POST"},{"name":"value","type":0,"remark":"","must":1,"mock":"POST"}]}]},{"name":"code","type":3,"remark":"","must":1,"mock":"","data":[{"name":null,"type":4,"remark":"","must":1,"mock":"","data":[{"name":"label","type":0,"remark":"","must":1,"mock":"404"},{"name":"value","type":1,"remark":"","must":1,"mock":"404"}]},{"name":null,"type":4,"remark":"","must":1,"mock":"","data":[{"name":"label","type":0,"remark":"","must":1,"mock":"405"},{"name":"value","type":1,"remark":"","must":1,"mock":"405"}]},{"name":null,"type":4,"remark":"","must":1,"mock":"","data":[{"name":"label","type":0,"remark":"","must":1,"mock":"500"},{"name":"value","type":1,"remark":"","must":1,"mock":"500"}]}]}]}],"outInfo":{"type":0,"rawRemark":"","rawMock":"","jsonType":0},"restParam":[],"example":[]}],"finish":0,"sort":0,"name":"错误日志收集","url":"/get-error-list","remark":"","method":"GET","id":"23f79700-6920-11ea-aef0-e10fe64a897f"}]},{"name":"注册相关","type":0,"id":"1591bc10-06ae-11ea-bb68-7f62c9900fb5","data":[{"param":[{"before":{"mode":0,"code":""},"after":{"mode":0,"code":""},"name":"参数","id":"7fa2b030-c019-4f1d-a491-3d31d33318cf","remark":"","header":[{"name":"Content-Type","value":"application/x-www-form-urlencoded","remark":""}],"queryParam":[],"bodyParam":[{"name":"username","type":0,"must":0,"remark":"","value":{"type":0,"data":[{"value":"brian@toimc.com","remark":""}],"status":""}},{"name":"name","type":0,"must":0,"remark":"","value":{"type":0,"data":[{"value":"brian","remark":""}],"status":""}},{"name":"password","type":0,"must":0,"remark":"","value":{"type":0,"data":[{"value":"123456","remark":""}],"status":""}},{"name":"code","type":0,"must":0,"remark":"","value":{"type":0,"data":[{"value":"1234","remark":""}],"status":""}},{"name":"sid","type":0,"must":0,"remark":"","value":{"type":0,"data":[{"value":"123lkfjdlsufio234","remark":""}],"status":""}}],"bodyInfo":{"type":0,"rawType":0,"rawTextRemark":"","rawFileRemark":"","rawText":""},"outParam":[{"name":"code","type":0,"remark":"","must":0,"mock":"500"},{"name":"msg","type":4,"remark":"","must":1,"mock":"","data":[{"name":"username","type":3,"remark":"","must":1,"mock":"","data":[{"name":null,"type":0,"remark":"","must":1,"mock":"此邮箱已经注册"}]},{"name":"name","type":3,"remark":"","must":1,"mock":"","data":[{"name":null,"type":0,"remark":"","must":1,"mock":"此昵称已经注册"}]},{"name":"code","type":3,"remark":"","must":1,"mock":"","data":[{"name":null,"type":0,"remark":"","must":1,"mock":"图片验证码过期或者输入错误"}]}]}],"outInfo":{"type":0,"rawRemark":"","rawMock":"","jsonType":0},"restParam":[],"example":[]}],"finish":1,"sort":0,"name":"注册接口","url":"/login/reg","remark":"用户注册","method":"POST","id":"200d9a60-06ae-11ea-bb68-7f62c9900fb5"},{"param":[{"before":{"mode":0,"code":""},"after":{"mode":0,"code":""},"name":"参数","id":"6a25d50a-3e74-4876-a576-ec50c6e1f1bd","remark":"","header":[{"name":"Content-Type","value":"application/x-www-form-urlencoded","remark":""}],"queryParam":[],"bodyParam":[{"name":"username","type":0,"must":1,"remark":"","value":{"type":0,"status":"","data":[{"value":"admin","remark":""}]}},{"name":"password","type":0,"must":1,"remark":"","value":{"type":0,"status":"","data":[{"value":"123456","remark":""}]}},{"name":"code","type":0,"must":1,"remark":"","value":{"type":0,"status":"","data":[{"value":"kneg","remark":""}]}},{"name":"sid","type":0,"must":1,"remark":"","value":{"type":0,"status":"","data":[{"value":"9848587a-6116-4eb4-a21f-bfcf89dab4ac","remark":""}]}}],"bodyInfo":{"type":0,"rawType":0,"rawTextRemark":"","rawFileRemark":"","rawText":""},"outParam":[{"name":"code","type":1,"remark":"","must":1,"mock":"200"},{"name":"msg","type":0,"remark":"","must":1,"mock":"登录成功"},{"name":"data","type":4,"remark":"","must":1,"mock":"","data":[{"name":"mobile","type":0,"remark":"","must":1,"mock":""},{"name":"username","type":0,"remark":"","must":1,"mock":"lw96@163.com"},{"name":"unread","type":1,"remark":"","must":1,"mock":"0"},{"name":"unionid","type":0,"remark":"","must":1,"mock":""},{"name":"name","type":0,"remark":"","must":1,"mock":"admin"},{"name":"roles","type":3,"remark":"","must":1,"mock":"","data":[{"name":null,"type":0,"remark":"","must":1,"mock":"admin"}]},{"name":"roleid","type":0,"remark":"","must":1,"mock":""},{"name":"organs","type":3,"remark":"","must":1,"mock":"","data":[]},{"name":"favs","type":1,"remark":"","must":1,"mock":"85"},{"name":"location","type":0,"remark":"","must":1,"mock":"武汉"},{"name":"isVip","type":0,"remark":"","must":1,"mock":"1"},{"name":"gender","type":0,"remark":"","must":1,"mock":"1"},{"name":"pic","type":0,"remark":"","must":1,"mock":"http://www.toimc.com:12000/20191019/9561b1b2-43de-4202-bff7-28bd8ab71678.jpg"},{"name":"count","type":1,"remark":"","must":1,"mock":"1"},{"name":"status","type":0,"remark":"","must":1,"mock":"0"},{"name":"regmark","type":0,"remark":"","must":1,"mock":"测试一下!!"},{"name":"_id","type":0,"remark":"","must":1,"mock":"5cdf76ec1597bf405c407d52"},{"name":"password","type":0,"remark":"","must":1,"mock":""},{"name":"created","type":0,"remark":"","must":1,"mock":"2019-05-18T03:07:27.000Z"},{"name":"__v","type":1,"remark":"","must":1,"mock":"0"},{"name":"isSign","type":0,"remark":"","must":1,"mock":"0"}]},{"name":"token","type":0,"remark":"","must":1,"mock":"eyJhbGciOiJIUzI1NiIsInR5cCI6IkpXVCJ9.eyJfaWQiOiI1Y2RmNzZlYzE1OTdiZjQwNWM0MDdkNTIiLCJpYXQiOjE1NzM3MTU3NDksImV4cCI6MTU3MzgwMjE0OX0.uSSEdsHYf01kFK-grMJXHgwR8-NSPJI_v2Pw4Q0bVPo"}],"outInfo":{"type":0,"rawRemark":"","rawMock":"","jsonType":0},"restParam":[],"example":[]}],"finish":1,"sort":0,"name":"登录接口","url":"/login/login","remark":"","method":"POST","id":"d7aff2d0-06ae-11ea-bb68-7f62c9900fb5"},{"param":[{"before":{"mode":0,"code":""},"after":{"mode":0,"code":""},"name":"参数","id":"37621d8e-1eda-4fdb-ad22-537da9d1193c","remark":"","header":[],"queryParam":[{"name":"sid","must":1,"remark":"","value":{"type":0,"status":"","data":[{"value":"e7be6640-35c8-41b1-9374-950178f81a64","remark":""}]}}],"outParam":[{"name":"code","type":1,"remark":"","must":1,"mock":"200"},{"name":"img","type":0,"remark":"","must":1,"mock":"<svg xmlns=\"http://www.w3.org/2000/svg\" width=\"150\" height=\"50\" viewBox=\"0,0,150,50\"><path fill=\"#b753d9\" d=\"M89.87 35.52L89.85 35.50L87.97 35.45L87.84 35.33Q86.40 35.36 85.89 35.28L85.86 35.25L85.86 35.25Q84.66 35.00 83.90 34.44L83.96 34.50L83.96 34.50Q83.06 33.53 82.92 31.38L82.84 31.30L82.82 31.28Q82.88 31.05 82.83 30.27L82.78 30.22L82.84 30.27Q82.81 29.97 82.76 29.26L82.81 29.31L82.86 29.37Q82.82 28.81 82.84 28.34L82.88 28.38L82.71 28.21Q82.87 27.00 83.53 26.51L83.62 26.60L83.53 26.51Q84.84 25.84 87.95 25.69L87.84 25.59L87.86 25.60Q89.20 25.57 89.71 25.57L89.75 25.61L89.73 25.58Q90.68 25.58 91.56 25.78L91.63 25.85L91.64 25.86Q91.16 26.55 90.81 27.72L90.77 27.68L90.87 27.78Q90.52 27.79 90.20 27.77L90.20 27.77L90.12 27.69Q90.07 27.69 89.73 27.62L89.77 27.65L89.17 27.53L89.16 27.51Q88.60 27.47 88.21 27.50L88.04 27.32L88.07 27.36Q84.99 27.36 84.60 29.17L84.64 29.21L84.72 29.29Q84.48 29.96 84.53 30.57L84.48 30.51L84.51 30.54Q84.73 32.33 85.52 33.03L85.47 32.97L85.47 32.98Q86.29 33.70 87.96 33.73L88.02 33.79L87.87 33.64Q88.84 33.68 89.31 33.49L89.37 33.55L89.95 33.15L89.97 33.17Q90.41 33.12 90.78 33.07L90.70 33.00L90.76 33.06Q90.76 34.05 91.00 34.89L91.12 35.00L91.09 34.97Q90.91 35.19 89.76 35.41ZM91.84 37.29L91.83 37.28L91.93 37.38Q92.14 37.37 92.67 37.41L92.75 37.49L92.60 37.34Q92.98 37.33 93.20 36.97L93.21 36.97L93.24 37.01Q92.50 35.70 92.18 34.36L92.17 34.34L92.22 34.39Q92.01 34.38 91.72 34.38L91.70 34.36L91.60 34.27Q91.45 34.38 91.20 34.50L91.20 34.50L91.19 34.49Q90.95 33.66 90.86 32.76L90.82 32.72L90.76 32.66Q90.37 32.62 89.59 32.98L89.76 33.15L89.75 33.15Q88.82 33.36 88.50 33.36L88.67 33.54L88.56 33.43Q88.36 33.54 87.97 33.52L87.86 33.41L87.82 33.37Q87.30 33.41 86.02 33.04L85.95 32.97L86.06 33.08Q85.74 32.51 85.76 31.78L85.93 31.95L85.86 31.87Q85.92 29.09 89.10 28.75L89.20 28.85L89.18 28.83Q89.53 28.74 90.41 28.96L90.52 29.07L90.56 29.11Q91.25 29.14 91.71 29.11L91.80 29.20L91.80 29.20Q92.00 27.68 92.44 26.51L92.61 26.68L92.55 26.62Q92.21 26.45 91.97 26.40L91.94 26.37L91.49 26.37L91.61 26.49Q91.72 26.16 91.96 25.59L91.98 25.61L91.91 25.54Q91.00 25.39 89.99 25.39L89.96 25.35L89.92 25.31Q88.31 25.24 85.50 25.49L85.53 25.52L85.47 25.46Q84.38 25.72 83.37 26.35L83.36 26.34L83.40 26.38Q82.56 26.94 82.56 28.16L82.52 28.11L82.47 28.07Q82.56 28.42 82.63 29.21L82.54 29.11L82.60 29.17Q82.73 29.91 82.70 30.31L82.67 30.27L82.59 30.20Q82.57 31.37 83.04 33.77L83.20 33.94L83.03 33.77Q83.34 34.37 83.66 34.69L83.62 34.65L83.89 34.92L83.76 34.77L83.91 34.91Q84.51 36.23 87.03 36.62L87.00 36.58L86.97 36.56Q89.11 36.98 90.82 37.16L90.87 37.21L90.70 37.03Q91.22 37.09 91.81 37.26Z\"/><path fill=\"#d552b4\" d=\"M63.77 31.15L63.78 31.16L63.92 31.30Q63.79 33.47 61.76 34.30L61.85 34.39L61.90 34.44Q60.56 34.84 57.72 34.93L57.78 34.99L57.85 35.07Q54.77 35.14 53.32 34.38L53.17 34.23L53.33 34.39Q52.02 33.43 52.12 31.27L52.12 31.27L52.14 31.29Q52.20 30.93 52.32 29.66L52.26 29.60L52.37 29.71Q52.39 28.63 52.39 27.99L52.42 28.02L52.41 28.01Q52.31 22.77 49.61 18.00L49.61 18.00L49.68 18.06Q50.52 18.58 52.43 19.27L52.27 19.11L52.24 19.08Q54.28 23.59 54.28 28.34L54.29 28.35L54.17 28.23Q54.12 28.57 54.06 29.33L54.05 29.32L54.23 29.50Q54.03 30.12 54.03 30.51L54.07 30.55L54.11 30.60Q54.11 32.06 55.12 32.70L54.99 32.57L55.05 32.63Q56.17 33.21 58.08 33.21L57.94 33.08L58.07 33.21Q59.65 33.10 60.71 32.34L60.71 32.34L60.84 32.48Q62.01 31.59 61.91 29.97L61.91 29.97L61.86 29.93Q61.74 28.97 61.74 28.11L61.82 28.20L61.86 28.23Q61.73 23.57 63.27 19.39L63.32 19.44L64.71 19.07L64.69 19.05Q65.30 18.85 66.01 18.56L66.01 18.55L66.05 18.60Q63.64 23.16 63.64 28.03L63.78 28.17L63.65 28.04Q63.73 28.66 63.82 29.71L63.75 29.65L63.78 29.68Q63.90 30.77 63.90 31.28ZM65.23 31.81L65.20 31.77L65.21 31.78Q64.66 28.61 65.12 25.33L65.09 25.30L65.20 25.40Q65.71 22.10 67.25 19.28L67.12 19.15L67.08 19.11Q66.84 19.46 65.91 19.87L65.84 19.80L65.84 19.81Q66.03 19.21 66.54 18.21L66.68 18.34L66.50 18.17Q64.27 18.95 63.05 19.17L63.07 19.20L63.06 19.18Q61.68 23.50 61.68 28.18L61.55 28.04L61.66 28.16Q61.58 28.96 61.63 29.87L61.76 29.99L61.75 29.99Q61.77 31.45 60.62 32.23L60.57 32.18L60.54 32.15Q59.58 32.83 57.97 32.86L58.07 32.97L58.02 32.91Q56.17 32.87 55.24 32.38L55.27 32.42L55.26 32.41Q55.30 32.18 55.26 31.88L55.32 31.95L55.30 31.93Q55.18 31.51 55.25 31.19L55.30 31.25L55.21 31.16Q55.49 29.79 55.49 28.30L55.44 28.25L55.40 28.21Q55.39 24.46 54.41 20.67L54.49 20.75L54.39 20.65Q54.04 20.68 53.13 20.46L53.14 20.47L52.98 20.31Q52.75 19.49 52.45 18.90L52.53 18.97L52.42 18.87Q50.74 18.43 49.20 17.55L49.27 17.63L49.28 17.63Q52.26 22.53 52.26 28.13L52.15 28.02L52.13 28.00Q52.17 29.10 52.07 30.20L51.99 30.12L52.17 30.29Q51.86 31.67 51.91 32.43L52.04 32.56L51.93 32.45Q52.11 33.78 52.92 34.51L52.97 34.57L52.90 34.50Q53.56 36.11 56.55 36.36L56.58 36.39L56.55 36.36Q57.95 36.51 59.32 36.56L59.26 36.50L59.26 36.50Q62.79 36.70 64.57 36.09L64.39 35.91L64.55 36.07Q65.49 35.41 65.49 34.09L65.51 34.11L65.60 34.20Q65.56 33.43 65.27 31.84Z\"/><path fill=\"#dede5e\" d=\"M112.32 35.45L112.12 35.26L112.24 35.37Q114.17 32.53 118.48 27.44L118.59 27.56L118.49 27.45Q114.75 27.65 112.33 26.77L112.33 26.78L112.29 26.73Q111.83 25.78 111.34 24.87L111.32 24.86L111.38 24.92Q114.03 25.90 116.89 25.93L116.87 25.90L116.99 26.03Q119.77 25.96 122.46 25.28L122.54 25.36L122.47 25.29Q122.14 25.65 121.97 25.99L122.08 26.10L122.09 26.11Q120.35 27.42 118.54 29.75L118.61 29.82L115.48 33.84L115.40 33.76Q116.95 33.74 118.40 33.79L118.26 33.66L118.25 33.65Q119.64 33.67 121.09 33.91L121.21 34.04L121.26 34.09Q121.25 34.37 121.71 35.67L121.78 35.73L121.80 35.75Q119.43 35.24 116.86 35.31L116.76 35.22L116.73 35.19Q114.15 35.22 111.80 35.98L111.84 36.03L111.90 36.08Q112.02 36.06 112.32 35.45ZM111.44 36.39L111.42 36.36L111.50 36.45Q112.12 36.35 113.14 36.08L113.12 36.05L112.96 35.90Q112.96 36.19 112.69 36.46L112.51 36.28L112.65 36.42Q112.43 36.72 112.04 37.45L112.08 37.49L112.11 37.52Q115.16 36.67 118.36 36.77L118.21 36.62L118.39 36.80Q121.59 36.92 124.53 38.12L124.49 38.08L124.41 38.00Q123.45 36.77 122.86 35.45L122.93 35.51L122.92 35.51Q122.50 35.38 121.82 35.23L121.72 35.14L121.68 35.10Q121.59 34.66 121.34 33.73L121.41 33.79L121.47 33.85Q120.38 33.55 118.08 33.47L118.13 33.53L118.09 33.48Q119.55 31.28 122.78 27.19L122.82 27.23L122.87 27.28Q123.07 26.84 123.51 25.99L123.42 25.90L121.90 26.34L121.90 26.34Q122.00 26.33 122.10 26.26L122.22 26.38L122.34 26.26L122.33 26.25Q122.48 25.42 122.85 24.81L122.86 24.82L122.95 24.92Q119.95 25.78 116.92 25.73L116.85 25.67L116.94 25.76Q113.86 25.71 110.97 24.53L110.86 24.42L110.90 24.46Q111.59 25.60 112.11 26.92L112.17 26.99L112.14 26.95Q112.65 27.12 113.33 27.29L113.46 27.42L113.51 27.46Q113.49 27.76 113.68 28.69L113.78 28.79L113.65 28.65Q114.81 28.96 116.94 29.06L116.80 28.92L116.82 28.93Q115.40 31.19 112.07 35.32L112.10 35.35L112.10 35.36Q111.82 35.62 111.46 36.40Z\"/><path fill=\"#dfdf6b\" d=\"M33.19 34.81L33.32 34.94L33.19 34.81Q31.41 32.44 29.72 26.88L29.68 26.84L29.63 26.79Q29.25 25.45 28.73 24.08L28.80 24.15L26.80 29.64L26.95 29.79Q25.78 32.95 24.24 35.03L24.12 34.91L24.26 35.05Q23.72 35.10 22.67 35.20L22.58 35.11L22.49 35.02Q22.57 34.27 22.57 33.47L22.65 33.55L22.58 33.47Q22.70 29.72 20.94 25.78L20.90 25.75L20.79 25.63Q18.85 21.27 15.08 18.06L15.12 18.11L15.13 18.12Q16.53 18.59 18.05 18.93L18.01 18.89L18.08 18.97Q23.65 24.39 24.48 31.43L24.45 31.40L24.45 31.41Q25.48 29.25 26.41 25.80L26.38 25.77L26.49 25.88Q27.59 20.89 27.91 19.98L27.94 20.01L29.35 19.98L29.42 20.05Q29.98 21.47 30.40 22.96L30.30 22.86L31.06 25.68L31.10 25.71Q32.10 29.22 33.01 31.30L32.94 31.22L32.99 31.28Q34.13 23.88 39.22 19.15L39.09 19.02L39.16 19.09Q40.17 18.90 42.08 18.48L42.11 18.51L42.02 18.42Q38.72 21.32 36.76 25.26L36.65 25.14L36.77 25.27Q34.65 29.14 34.65 33.50L34.67 33.52L34.76 33.61Q34.75 34.31 34.80 35.04L34.69 34.93L34.07 34.98L33.94 34.84Q33.66 34.91 33.29 34.91ZM37.22 36.68L37.30 36.77L37.29 36.76Q36.39 34.36 36.46 31.86L36.49 31.89L36.46 31.86Q36.73 24.50 42.76 19.19L42.79 19.23L42.81 19.25Q42.28 19.47 41.03 19.81L40.90 19.69L41.02 19.80Q41.54 19.17 42.76 18.02L42.72 17.98L42.76 18.02Q40.96 18.42 39.07 18.74L39.12 18.78L39.20 18.86Q34.34 23.40 33.12 29.50L33.15 29.53L33.16 29.53Q32.74 28.43 30.91 21.07L30.87 21.04L30.90 21.06Q30.68 21.16 30.07 21.16L29.99 21.08L29.89 20.49L29.82 20.43Q29.83 20.16 29.68 19.84L29.57 19.73L27.81 19.83L27.67 19.69Q27.29 21.42 26.47 24.71L26.32 24.56L26.39 24.63Q25.67 28.02 25.03 29.61L25.02 29.60L24.96 29.53Q23.92 24.44 20.35 20.38L20.47 20.49L20.40 20.42Q19.96 20.25 19.35 20.13L19.51 20.29L19.52 20.30Q18.90 19.61 17.90 18.56L17.99 18.65L17.97 18.64Q15.80 18.13 14.41 17.62L14.45 17.65L14.36 17.56Q18.09 20.66 20.19 24.65L20.15 24.60L20.25 24.71Q22.32 28.81 22.32 33.31L22.30 33.29L22.32 33.31Q22.43 34.43 22.31 35.45L22.35 35.49L22.26 35.40Q22.37 35.36 22.66 35.30L22.68 35.32L22.71 35.35Q23.08 35.37 23.23 35.37L23.11 35.25L23.06 35.86L23.13 35.93Q23.08 36.18 23.13 36.52L23.23 36.62L23.14 36.53Q23.98 36.59 25.45 36.49L25.45 36.49L25.31 36.35Q27.77 33.01 29.53 26.97L29.53 26.96L29.54 26.97Q31.30 32.60 33.21 35.14L33.26 35.19L33.15 35.08Q33.51 35.15 34.05 35.22L33.95 35.13L34.07 35.24Q34.49 35.79 35.17 36.47L35.29 36.59L35.19 36.49Q35.76 36.59 37.30 36.76Z\"/></svg>"}],"outInfo":{"type":0,"rawRemark":"","rawMock":"","jsonType":0},"restParam":[],"example":[]}],"finish":1,"sort":0,"name":"获取验证码","url":"/public/captcha","remark":"","method":"GET","id":"fa06d790-06ae-11ea-bb68-7f62c9900fb5"},{"param":[{"before":{"mode":0,"code":""},"after":{"mode":0,"code":""},"name":"参数","id":"1ded6a7b-2c0b-43a6-8cd7-4b73697da17d","remark":"","header":[{"name":"Content-Type","value":"application/json","remark":""}],"queryParam":[],"bodyParam":[],"bodyInfo":{"type":1,"rawType":2,"rawTextRemark":"","rawFileRemark":"","rawText":"","rawJSON":[{"name":"username","must":1,"type":0,"remark":"","mock":"1322928787@qq.com","drag":1,"show":0,"value":{"type":0,"status":"","data":[{"value":"1322928787@qq.com","remark":""}]}},{"name":"code","must":1,"type":0,"remark":"","mock":"wkzq","drag":1,"show":0,"value":{"type":0,"status":"","data":[{"value":"wkzq","remark":""}]}},{"name":"sid","must":1,"type":0,"remark":"","mock":"b4738a87-feaf-4c8c-8254-fcb5724235ba","drag":1,"show":0,"value":{"type":0,"status":"","data":[{"value":"b4738a87-feaf-4c8c-8254-fcb5724235ba","remark":""}]}}],"rawJSONType":0},"outParam":[{"name":"code","type":1,"remark":"","must":1,"mock":"200"},{"name":"data","type":0,"remark":"","must":1,"mock":"Message sent: %s<69c896e3-b96c-04e2-f052-393f71e9e997@qq.com>"},{"name":"msg","type":0,"remark":"","must":1,"mock":"发送邮件成功"}],"outInfo":{"type":0,"rawRemark":"","rawMock":"","jsonType":0},"restParam":[],"example":[]}],"finish":0,"sort":0,"name":"通过邮箱找回","url":"/login/forget","remark":"","method":"POST","id":"33da9d30-06af-11ea-bb68-7f62c9900fb5"}]},{"name":"测试接口","type":0,"id":"7907ef10-904f-11e9-9bbe-d90e23d5a9da","data":[{"param":[{"before":{"mode":0,"code":"window.num = params.num"},"after":{"mode":0,"code":""},"name":"参数","id":"f3e05ad5-f41f-42b6-ae28-89734d328fa8","remark":"","header":[{"name":"Content-Type","value":"application/x-www-form-urlencoded","remark":""}],"queryParam":[{"name":"num","must":0,"remark":"","value":{"type":0,"data":[{"value":"10","remark":""}],"status":""}},{"name":"page","type":0,"must":0,"remark":"","value":{"type":0,"data":[{"value":"0","remark":""}],"status":""}}],"bodyParam":[],"bodyInfo":{"type":0,"rawType":0,"rawTextRemark":"","rawFileRemark":"","rawText":""},"outParam":[{"name":"msg","type":0,"remark":"","must":0,"mock":"success"},{"name":"code","type":1,"remark":"","must":1,"mock":"200"},{"name":"data","type":4,"remark":"","must":1,"mock":"","data":[]}],"outInfo":{"type":0,"rawRemark":"","rawMock":"","jsonType":0},"restParam":[],"example":[]}],"finish":0,"sort":0,"name":"获取params","url":"/api/list","remark":"","method":"POST","id":"86c6cbb0-8eed-11ea-aef0-e10fe64a897f"},{"param":[{"before":{"mode":0,"code":""},"after":{"mode":0,"code":""},"name":"参数","id":"77f8ad3f-2302-4d76-b6ef-f195a49b8042","remark":"","header":[],"queryParam":[{"name":"name","must":0,"remark":"","value":{"type":0,"data":[{"value":"imooc","remark":""}],"status":""}}],"outParam":[{"name":"data","type":4,"remark":"","must":1,"mock":"","data":[{"name":"name","type":0,"remark":"","must":1,"mock":"user1"},{"name":"pretty","type":0,"remark":"","must":1,"mock":""}]},{"name":"msg","type":0,"remark":"","must":1,"mock":"imooc!"},{"name":"code","type":1,"remark":"","must":1,"mock":"200"}],"outInfo":{"type":0,"rawRemark":"","rawMock":"","jsonType":0},"restParam":[],"example":[]}],"finish":0,"sort":0,"name":"获取名称","url":"/get","remark":"","method":"GET","id":"8950c9a0-904f-11e9-9bbe-d90e23d5a9da"}]},{"name":"评论相关","type":0,"id":"bee8c230-06af-11ea-bb68-7f62c9900fb5","data":[{"param":[{"before":{"mode":0,"code":""},"after":{"mode":0,"code":""},"name":"参数","id":"73ec5665-1a4b-45fd-afb8-348ae36ad7ea","remark":"","header":[],"queryParam":[{"name":"tid","must":0,"remark":"123"}],"outParam":[{"name":"msg","type":0,"remark":"","must":1,"mock":""},{"name":"code","type":1,"remark":"","must":1,"mock":"200"},{"name":"data","type":3,"remark":"","must":1,"mock":"","data":[{"name":null,"type":4,"remark":"","must":1,"mock":"","data":[{"name":"_id","type":0,"remark":"","must":1,"mock":"5de1170f9162a02b509bca3d"},{"name":"hands","type":1,"remark":"","must":1,"mock":"0"},{"name":"isShow","type":0,"remark":"","must":1,"mock":"1"},{"name":"isRead","type":0,"remark":"","must":1,"mock":"0"},{"name":"isBest","type":0,"remark":"","must":1,"mock":"0"},{"name":"content","type":0,"remark":"","must":1,"mock":"@爱人你温暖i 问问"},{"name":"post","type":3,"remark":"","must":1,"mock":"","data":[{"name":null,"type":4,"remark":"","must":1,"mock":"","data":[{"name":"_id","type":0,"remark":"","must":1,"mock":"5dade7ad29d8db3c02b7917d"},{"name":"status","type":1,"remark":"","must":1,"mock":"0"},{"name":"title","type":0,"remark":"","must":1,"mock":"大前端必须要掌握UI技巧吗？"}]}]},{"name":"user","type":3,"remark":"","must":1,"mock":"","data":[{"name":null,"type":4,"remark":"","must":1,"mock":"","data":[{"name":"_id","type":0,"remark":"","must":1,"mock":"5db2f0fae1e93625580e0886"},{"name":"name","type":0,"remark":"","must":1,"mock":"Dx"},{"name":"pic","type":0,"remark":"","must":1,"mock":"/img/bear-200-200.jpg"},{"name":"status","type":0,"remark":"","must":1,"mock":"0"}]}]},{"name":"created","type":0,"remark":"","must":1,"mock":"2019-11-29 13:03:11"},{"name":"handed","type":0,"remark":"","must":1,"mock":"1"}]},{"name":null,"type":4,"remark":"","must":1,"mock":"","data":[{"name":"_id","type":0,"remark":"","must":1,"mock":"5de116ea9162a02b509bca3b"},{"name":"hands","type":1,"remark":"","must":1,"mock":"0"},{"name":"isShow","type":0,"remark":"","must":1,"mock":"1"},{"name":"isRead","type":0,"remark":"","must":1,"mock":"0"},{"name":"isBest","type":0,"remark":"","must":1,"mock":"0"},{"name":"content","type":0,"remark":"","must":1,"mock":"333"},{"name":"post","type":3,"remark":"","must":1,"mock":"","data":[{"name":null,"type":4,"remark":"","must":1,"mock":"","data":[{"name":"_id","type":0,"remark":"","must":1,"mock":"5dade7ad29d8db3c02b7917d"},{"name":"status","type":1,"remark":"","must":1,"mock":"0"},{"name":"title","type":0,"remark":"","must":1,"mock":"大前端必须要掌握UI技巧吗？"}]}]},{"name":"user","type":3,"remark":"","must":1,"mock":"","data":[{"name":null,"type":4,"remark":"","must":1,"mock":"","data":[{"name":"_id","type":0,"remark":"","must":1,"mock":"5db2f0fae1e93625580e0886"},{"name":"name","type":0,"remark":"","must":1,"mock":"Dx"},{"name":"pic","type":0,"remark":"","must":1,"mock":"http://www.toimc.com:12000/20191019/9561b1b2-43de-4202-bff7-28bd8ab71678.jpg"},{"name":"status","type":0,"remark":"","must":1,"mock":"0"}]}]},{"name":"created","type":0,"remark":"","must":1,"mock":"2019-11-29 13:02:34"}]},{"name":null,"type":4,"remark":"","must":1,"mock":"","data":[{"name":"_id","type":0,"remark":"","must":1,"mock":"5de1169a9162a02b509bca39"},{"name":"hands","type":1,"remark":"","must":1,"mock":"0"},{"name":"isShow","type":0,"remark":"","must":1,"mock":"1"},{"name":"isRead","type":0,"remark":"","must":1,"mock":"0"},{"name":"isBest","type":0,"remark":"","must":1,"mock":"0"},{"name":"content","type":0,"remark":"","must":1,"mock":"嗯嗯"},{"name":"post","type":3,"remark":"","must":1,"mock":"","data":[{"name":null,"type":4,"remark":"","must":1,"mock":"","data":[{"name":"_id","type":0,"remark":"","must":1,"mock":"5dade7ad29d8db3c02b7917d"},{"name":"status","type":1,"remark":"","must":1,"mock":"0"},{"name":"title","type":0,"remark":"","must":1,"mock":"大前端必须要掌握UI技巧吗？"}]}]},{"name":"user","type":3,"remark":"","must":1,"mock":"","data":[{"name":null,"type":4,"remark":"","must":1,"mock":"","data":[{"name":"_id","type":0,"remark":"","must":1,"mock":"5db2f0fae1e93625580e0886"},{"name":"name","type":0,"remark":"","must":1,"mock":"Dx"},{"name":"pic","type":0,"remark":"","must":1,"mock":"http://www.toimc.com:12000/20191019/9561b1b2-43de-4202-bff7-28bd8ab71678.jpg"},{"name":"status","type":0,"remark":"","must":1,"mock":"0"}]}]},{"name":"created","type":0,"remark":"","must":1,"mock":"2019-11-29 13:01:14"}]},{"name":null,"type":4,"remark":"","must":1,"mock":"","data":[{"name":"_id","type":0,"remark":"","must":1,"mock":"5dc040a6a64a882659a0f798"},{"name":"content","type":0,"remark":"","must":1,"mock":"如果不是签名，那么可能是数据格式问题了。"},{"name":"isRead","type":0,"remark":"","must":1,"mock":"0"},{"name":"isBest","type":0,"remark":"","must":1,"mock":"0"},{"name":"hands","type":1,"remark":"","must":1,"mock":"0"},{"name":"isShow","type":0,"remark":"","must":1,"mock":"1"},{"name":"post","type":3,"remark":"","must":1,"mock":"","data":[{"name":null,"type":4,"remark":"","must":1,"mock":"","data":[{"name":"_id","type":0,"remark":"","must":1,"mock":"5dade7ad29d8db3c02b7917d"},{"name":"status","type":1,"remark":"","must":1,"mock":"0"},{"name":"title","type":0,"remark":"","must":1,"mock":"大前端必须要掌握UI技巧吗？"}]}]},{"name":"user","type":3,"remark":"","must":1,"mock":"","data":[{"name":null,"type":4,"remark":"","must":1,"mock":"","data":[{"name":"_id","type":0,"remark":"","must":1,"mock":"5dbe84e5e73b55bc5445d315"},{"name":"name","type":0,"remark":"","must":1,"mock":"pgnlj"},{"name":"pic","type":0,"remark":"","must":1,"mock":"http://www.toimc.com:12000/20191020/c84ba2dd-3028-4751-8af1-bd040fe7839b.jpg"},{"name":"status","type":0,"remark":"","must":1,"mock":"0"}]}]},{"name":"created","type":0,"remark":"","must":1,"mock":"2019-10-28 09:15:25"}]},{"name":null,"type":4,"remark":"","must":1,"mock":"","data":[{"name":"_id","type":0,"remark":"","must":1,"mock":"5dc020cdaa3086b3d6585a35"},{"name":"content","type":0,"remark":"","must":1,"mock":"那么你既然使用了自己的信息，则签名肯定不是用它的了。"},{"name":"isRead","type":0,"remark":"","must":1,"mock":"0"},{"name":"isBest","type":0,"remark":"","must":1,"mock":"0"},{"name":"hands","type":1,"remark":"","must":1,"mock":"0"},{"name":"isShow","type":0,"remark":"","must":1,"mock":"1"},{"name":"post","type":3,"remark":"","must":1,"mock":"","data":[{"name":null,"type":4,"remark":"","must":1,"mock":"","data":[{"name":"_id","type":0,"remark":"","must":1,"mock":"5dade7ad29d8db3c02b7917d"},{"name":"status","type":1,"remark":"","must":1,"mock":"0"},{"name":"title","type":0,"remark":"","must":1,"mock":"大前端必须要掌握UI技巧吗？"}]}]},{"name":"user","type":3,"remark":"","must":1,"mock":"","data":[{"name":null,"type":4,"remark":"","must":1,"mock":"","data":[{"name":"_id","type":0,"remark":"","must":1,"mock":"5dbe84e6e73b55bc5445d4c3"},{"name":"name","type":0,"remark":"","must":1,"mock":"syvgb"},{"name":"pic","type":0,"remark":"","must":1,"mock":"http://www.toimc.com:12000/20191020/ef232c63-eaee-457a-8e71-854561c9a094.jpeg"},{"name":"status","type":0,"remark":"","must":1,"mock":"0"}]}]},{"name":"created","type":0,"remark":"","must":1,"mock":"2019-10-28 09:15:25"}]},{"name":null,"type":4,"remark":"","must":1,"mock":"","data":[{"name":"_id","type":0,"remark":"","must":1,"mock":"5dc042f9e7e5af79e6328a3a"},{"name":"content","type":0,"remark":"","must":1,"mock":"祝各位网友新年愉快，工作顺利，身体健康，恭喜发财！"},{"name":"isRead","type":0,"remark":"","must":1,"mock":"0"},{"name":"isBest","type":0,"remark":"","must":1,"mock":"0"},{"name":"hands","type":1,"remark":"","must":1,"mock":"0"},{"name":"isShow","type":0,"remark":"","must":1,"mock":"1"},{"name":"post","type":3,"remark":"","must":1,"mock":"","data":[{"name":null,"type":4,"remark":"","must":1,"mock":"","data":[{"name":"_id","type":0,"remark":"","must":1,"mock":"5dade7ad29d8db3c02b7917d"},{"name":"status","type":1,"remark":"","must":1,"mock":"0"},{"name":"title","type":0,"remark":"","must":1,"mock":"大前端必须要掌握UI技巧吗？"}]}]},{"name":"user","type":3,"remark":"","must":1,"mock":"","data":[{"name":null,"type":4,"remark":"","must":1,"mock":"","data":[{"name":"_id","type":0,"remark":"","must":1,"mock":"5dbe84e6e73b55bc5445d4d4"},{"name":"name","type":0,"remark":"","must":1,"mock":"若思念没有尽头"},{"name":"pic","type":0,"remark":"","must":1,"mock":"http://www.toimc.com:12000/20191020/5102fbb0-6bcc-4a9d-8a20-b983bfd41217.jpeg"},{"name":"status","type":0,"remark":"","must":1,"mock":"0"}]}]},{"name":"created","type":0,"remark":"","must":1,"mock":"2019-10-28 09:15:25"}]},{"name":null,"type":4,"remark":"","must":1,"mock":"","data":[{"name":"_id","type":0,"remark":"","must":1,"mock":"5dc020441960ad410338ab5e"},{"name":"content","type":0,"remark":"","must":1,"mock":"比如你的年月日的格式等等，"},{"name":"isRead","type":0,"remark":"","must":1,"mock":"0"},{"name":"isBest","type":0,"remark":"","must":1,"mock":"0"},{"name":"hands","type":1,"remark":"","must":1,"mock":"0"},{"name":"isShow","type":0,"remark":"","must":1,"mock":"1"},{"name":"post","type":3,"remark":"","must":1,"mock":"","data":[{"name":null,"type":4,"remark":"","must":1,"mock":"","data":[{"name":"_id","type":0,"remark":"","must":1,"mock":"5dade7ad29d8db3c02b7917d"},{"name":"status","type":1,"remark":"","must":1,"mock":"0"},{"name":"title","type":0,"remark":"","must":1,"mock":"大前端必须要掌握UI技巧吗？"}]}]},{"name":"user","type":3,"remark":"","must":1,"mock":"","data":[{"name":null,"type":4,"remark":"","must":1,"mock":"","data":[{"name":"_id","type":0,"remark":"","must":1,"mock":"5dbe84e6e73b55bc5445d519"},{"name":"name","type":0,"remark":"","must":1,"mock":"cvuks"},{"name":"pic","type":0,"remark":"","must":1,"mock":"http://www.toimc.com:12000/20191020/96579c97-540c-4be8-a8eb-71be4cb657a2.png"},{"name":"status","type":0,"remark":"","must":1,"mock":"0"}]}]},{"name":"created","type":0,"remark":"","must":1,"mock":"2019-10-28 09:15:25"}]},{"name":null,"type":4,"remark":"","must":1,"mock":"","data":[{"name":"_id","type":0,"remark":"","must":1,"mock":"5dddf54487239e6aeaadbe88"},{"name":"content","type":0,"remark":"","must":1,"mock":"虽然工资没增加，但收入却增加了不少，现在房子有了，孩子也有几个了，还准备买车。。。。"},{"name":"isRead","type":0,"remark":"","must":1,"mock":"0"},{"name":"isBest","type":0,"remark":"","must":1,"mock":"0"},{"name":"hands","type":1,"remark":"","must":1,"mock":"0"},{"name":"isShow","type":0,"remark":"","must":1,"mock":"1"},{"name":"post","type":3,"remark":"","must":1,"mock":"","data":[{"name":null,"type":4,"remark":"","must":1,"mock":"","data":[{"name":"_id","type":0,"remark":"","must":1,"mock":"5dade7ad29d8db3c02b7917d"},{"name":"status","type":1,"remark":"","must":1,"mock":"0"},{"name":"title","type":0,"remark":"","must":1,"mock":"大前端必须要掌握UI技巧吗？"}]}]},{"name":"user","type":3,"remark":"","must":1,"mock":"","data":[{"name":null,"type":4,"remark":"","must":1,"mock":"","data":[{"name":"_id","type":0,"remark":"","must":1,"mock":"5dbe84821177ebbf1a66039e"},{"name":"name","type":0,"remark":"","must":1,"mock":"wbidl"},{"name":"pic","type":0,"remark":"","must":1,"mock":"http://www.toimc.com:12000/20191020/bfb07513-49fa-4871-b281-22e1295f2687.jpeg"},{"name":"status","type":0,"remark":"","must":1,"mock":"0"}]}]},{"name":"created","type":0,"remark":"","must":1,"mock":"2019-10-27 09:15:25"}]},{"name":null,"type":4,"remark":"","must":1,"mock":"","data":[{"name":"_id","type":0,"remark":"","must":1,"mock":"5dc3d1ac033c4a76140e9b7d"},{"name":"content","type":0,"remark":"","must":1,"mock":"阿里巴巴2020Q2财报中值得注意的几个点"},{"name":"isRead","type":0,"remark":"","must":1,"mock":"0"},{"name":"isBest","type":0,"remark":"","must":1,"mock":"0"},{"name":"hands","type":1,"remark":"","must":1,"mock":"0"},{"name":"isShow","type":0,"remark":"","must":1,"mock":"1"},{"name":"post","type":3,"remark":"","must":1,"mock":"","data":[{"name":null,"type":4,"remark":"","must":1,"mock":"","data":[{"name":"_id","type":0,"remark":"","must":1,"mock":"5dade7ad29d8db3c02b7917d"},{"name":"status","type":1,"remark":"","must":1,"mock":"0"},{"name":"title","type":0,"remark":"","must":1,"mock":"大前端必须要掌握UI技巧吗？"}]}]},{"name":"user","type":3,"remark":"","must":1,"mock":"","data":[{"name":null,"type":4,"remark":"","must":1,"mock":"","data":[{"name":"_id","type":0,"remark":"","must":1,"mock":"5dbe84821177ebbf1a660397"},{"name":"name","type":0,"remark":"","must":1,"mock":"深海爱人情太深"},{"name":"pic","type":0,"remark":"","must":1,"mock":"http://www.toimc.com:12000/20191019/9561b1b2-43de-4202-bff7-28bd8ab71678.jpg"},{"name":"status","type":0,"remark":"","must":1,"mock":"0"}]}]},{"name":"created","type":0,"remark":"","must":1,"mock":"2019-10-27 09:15:25"}]},{"name":null,"type":4,"remark":"","must":1,"mock":"","data":[{"name":"_id","type":0,"remark":"","must":1,"mock":"5de0dc206e5184b5c50ad9ea"},{"name":"content","type":0,"remark":"","must":1,"mock":"十年磨一剑，霜刃未曾试。贾岛《剑客 / 述剑》"},{"name":"isRead","type":0,"remark":"","must":1,"mock":"0"},{"name":"isBest","type":0,"remark":"","must":1,"mock":"0"},{"name":"hands","type":1,"remark":"","must":1,"mock":"0"},{"name":"isShow","type":0,"remark":"","must":1,"mock":"1"},{"name":"post","type":3,"remark":"","must":1,"mock":"","data":[{"name":null,"type":4,"remark":"","must":1,"mock":"","data":[{"name":"_id","type":0,"remark":"","must":1,"mock":"5dade7ad29d8db3c02b7917d"},{"name":"status","type":1,"remark":"","must":1,"mock":"0"},{"name":"title","type":0,"remark":"","must":1,"mock":"大前端必须要掌握UI技巧吗？"}]}]},{"name":"user","type":3,"remark":"","must":1,"mock":"","data":[{"name":null,"type":4,"remark":"","must":1,"mock":"","data":[{"name":"_id","type":0,"remark":"","must":1,"mock":"5dbe84e5e73b55bc5445d2f1"},{"name":"name","type":0,"remark":"","must":1,"mock":"lerjb"},{"name":"pic","type":0,"remark":"","must":1,"mock":"http://www.toimc.com:12000/20191020/7783be61-2438-40da-a463-3579e09484b4.jpeg"},{"name":"status","type":0,"remark":"","must":1,"mock":"0"}]}]},{"name":"created","type":0,"remark":"","must":1,"mock":"2019-10-27 09:15:25"}]}]},{"name":"total","type":1,"remark":"","must":1,"mock":"41"}],"outInfo":{"type":0,"rawRemark":"","rawMock":"","jsonType":0},"restParam":[],"example":[]}],"finish":1,"sort":0,"name":"评论列表","url":"/public/comments","remark":"","method":"GET","id":"67a99840-3513-11ea-aef0-e10fe64a897f"}]}]}